name,datetime,temp,feelslike,dew,humidity,precip,precipprob,preciptype,snow,snowdepth,windgust,windspeed,winddir,sealevelpressure,cloudcover,visibility,solarradiation,solarenergy,uvindex,severerisk,conditions,icon,stations
iqaluit,2022-06-26T00:00:00,7,1.8,4.5,84.3,0,0,rain,0,0,55,42.5,325,1000.6,100,48,0,,0,10,Overcast,cloudy,"71909099999,71321099999,CYFB,CXFB"
iqaluit,2022-06-26T01:00:00,5.9,0.4,4,87.83,0,0,rain,0,0,56.2,41.5,320,1000.8,100,48,0,,0,10,Overcast,cloudy,"71909099999,71321099999,CYFB,CXFB"
iqaluit,2022-06-26T02:00:00,5.9,0.5,3.5,84.51,0,0,,0,0,52.7,40.7,320,1001.3,100,48,0,,0,10,Overcast,cloudy,"71909099999,71321099999,CYFB,CXFB"
iqaluit,2022-06-26T03:00:00,5.1,-0.8,3,86.4,0,0,,0,0,55.6,42.5,320,1001.6,88,48,1,0,0,10,Partially cloudy,partly-cloudy-day,"71909099999,71321099999,CYFB,CXFB"
iqaluit,2022-06-26T04:00:00,4.9,-0.6,2.9,86.56,0,0,,0,0,53.6,38.1,320,1002.2,100,48,12,0,0,10,Overcast,cloudy,"71909099999,71321099999,CYFB,CXFB"
iqaluit,2022-06-26T05:00:00,4.4,-1.4,1.9,83.84,0,0,,0,0,55.6,39.7,320,1002.4,88,48,33,0.1,0,10,Partially cloudy,partly-cloudy-day,"71909099999,71321099999,CYFB,CXFB"
iqaluit,2022-06-26T06:00:00,4.9,-1,1.9,80.62,0,0,,0,0,56.2,44.1,320,1002.5,88,48,58,0.2,1,10,Partially cloudy,partly-cloudy-day,"71909099999,71321099999,CYFB,CXFB"
iqaluit,2022-06-26T07:00:00,5.1,-0.7,1.9,80.16,0,0,,0,0,56.2,41.7,325,1002.8,88,48,101,0.4,1,10,Partially cloudy,partly-cloudy-day,"71909099999,71321099999,CYFB,CXFB"
iqaluit,2022-06-26T08:00:00,7.1,1.9,3,75.41,0,0,,0,0,56.5,43.7,320,1002.7,88,48,165,0.6,2,10,Partially cloudy,partly-cloudy-day,"71909099999,71321099999,CYFB,CXFB"
iqaluit,2022-06-26T09:00:00,8.1,3.1,2.1,65.87,0,0,,0,0,55.4,45.1,330,1003.1,88,48,306,1.1,3,10,Partially cloudy,partly-cloudy-day,"71909099999,71321099999,CYFB,CXFB"
iqaluit,2022-06-26T10:00:00,8.9,4.3,2,61.89,0,0,,0,0,56.8,44.3,325,1003.5,88,48,362,1.3,4,10,Partially cloudy,partly-cloudy-day,"71909099999,71321099999,CYFB,CXFB"
iqaluit,2022-06-26T11:00:00,9.9,5.6,1.9,57.84,0,0,,0,0,57.4,44.3,320,1003.7,88,48,502,1.8,5,10,Partially cloudy,partly-cloudy-day,"71909099999,71321099999,CYFB,CXFB"
iqaluit,2022-06-26T12:00:00,9.9,5.6,1.9,57.19,0,0,,0,0,58,45.1,320,1004.1,88,48,524,1.9,5,10,Partially cloudy,partly-cloudy-day,"71909099999,71321099999,CYFB,CXFB"
iqaluit,2022-06-26T13:00:00,10,10,1,53.57,0,0,,0,0,58.6,43.5,325,1004.8,88,48,598,2.2,6,10,Partially cloudy,partly-cloudy-day,"71909099999,71321099999,CYFB,CXFB"
iqaluit,2022-06-26T14:00:00,10,10,0.9,53.25,0,0,,0,0,55.6,43.5,320,1005.3,88,48,619,2.2,6,10,Partially cloudy,partly-cloudy-day,"71909099999,71321099999,CYFB,CXFB"
iqaluit,2022-06-26T15:00:00,11.1,11.1,0.9,49.64,0,0,,0,0,57.5,41.7,320,1005.5,88,48,431,1.6,4,10,Partially cloudy,partly-cloudy-day,"71909099999,71321099999,CYFB,CXFB"
iqaluit,2022-06-26T16:00:00,11,11,0.9,49.91,0,0,,0,0,51.8,39.5,320,1005.8,88,48,468,1.7,5,10,Partially cloudy,partly-cloudy-day,"71909099999,71321099999,CYFB,CXFB"
iqaluit,2022-06-26T17:00:00,11.9,11.9,0.6,45.94,0,0,,0,0,53.6,36.9,320,1006.2,88,48,472,1.7,5,10,Partially cloudy,partly-cloudy-day,"71909099999,71321099999,CYFB,CXFB"
iqaluit,2022-06-26T18:00:00,11.9,11.9,1,47.34,0,0,,0,0,49.4,35.9,310,1006.4,88,48,396,1.4,4,10,Partially cloudy,partly-cloudy-day,"71909099999,71321099999,CYFB,CXFB"
iqaluit,2022-06-26T19:00:00,11.1,11.1,1,49.84,0,0,,0,0,46.9,36.1,320,1006.7,50,48,288,1,3,10,Partially cloudy,partly-cloudy-day,"71909099999,71321099999,CYFB,CXFB"
iqaluit,2022-06-26T20:00:00,11,11,1.9,53.21,0,0,,0,0,38.9,26.7,320,1007.1,50,48,202,0.7,2,10,Partially cloudy,partly-cloudy-day,"71909099999,71321099999,CYFB,CXFB"
iqaluit,2022-06-26T21:00:00,10.9,10.9,0.5,48.63,0,0,,0,0,38.9,28.7,325,1007.7,88,48,109,0.4,1,10,Partially cloudy,partly-cloudy-day,"71909099999,71321099999,CYFB,CXFB"
iqaluit,2022-06-26T22:00:00,8,5.2,0.5,59.16,0,0,,0,0,35.3,17.4,320,1008.2,50,48,36,0.1,0,10,Partially cloudy,partly-cloudy-day,"71909099999,71321099999,CYFB,CXFB"
iqaluit,2022-06-26T23:00:00,5.4,2.5,1.1,73.51,0,0,,0,0,19.4,13.9,313,1008.6,50,48,5,0,0,10,Partially cloudy,partly-cloudy-night,"71909099999,71321099999,CYFB,CXFB"
