name,datetime,tempmax,tempmin,temp,feelslikemax,feelslikemin,feelslike,dew,humidity,precip,precipprob,precipcover,preciptype,snow,snowdepth,windgust,windspeed,winddir,sealevelpressure,cloudcover,visibility,solarradiation,solarenergy,uvindex,severerisk,sunrise,sunset,moonphase,conditions,description,icon,stations
iqaluit,1/1/2022,-8.3,-18.6,-13.9,-15.9,-24.1,-19.3,-17.3,75.7,3.6,100,45.83,snow,0,0,38.9,27.7,88.8,1005.9,92.4,16.6,1.8,0.2,0,,2022-01-01T09:19:39,2022-01-01T13:56:09,0.99,"Snow, Overcast",Cloudy skies throughout the day with snow.,snow,"71909099999,71321099999,CYFB,CXFB"
iqaluit,1/2/2022,-9,-24,-16.9,-14.9,-31.1,-23.4,-20.5,73.7,11.3,100,41.67,snow,0,0,38.9,23.9,134,1001.8,65.9,27.7,3.2,0.3,0,,2022-01-02T09:18:38,2022-01-02T13:58:08,1,"Snow, Partially cloudy",Partly cloudy throughout the day with snow.,snow,"71909099999,71321099999,CYFB,CXFB"
iqaluit,1/3/2022,-13.1,-20,-15,-22.7,-29.2,-24.9,-17.4,81.7,2.4,100,41.67,snow,0,0,48.2,37.9,317.8,998.4,100,6.6,1.2,0,0,,2022-01-03T09:17:30,2022-01-03T14:00:12,0,"Snow, Overcast",Cloudy skies throughout the day with a chance of snow throughout the day.,snow,"71909099999,71321099999,CYFB,CXFB"
iqaluit,1/4/2022,-14.1,-18,-15.1,-23.5,-27.5,-25.5,-17.8,80.3,0,0,0,,0,0,45.5,37.1,325.6,994.5,97.5,15.1,2.4,0.3,0,,2022-01-04T09:16:15,2022-01-04T14:02:22,0.02,Overcast,Cloudy skies throughout the day.,cloudy,"71909099999,71321099999,CYFB,CXFB"
iqaluit,1/5/2022,-14.9,-22.7,-17.2,-25.3,-37.2,-29.8,-19.5,82.5,0.1,100,4.17,snow,0,0,59.3,47.2,317.2,988.3,98.4,4,2.5,0.3,0,,2022-01-05T09:14:54,2022-01-05T14:04:38,0.05,"Snow, Overcast",Cloudy skies throughout the day with morning snow.,snow,"71909099999,71321099999,remote,CYFB,CXFB"
iqaluit,1/6/2022,-20,-27.9,-24.3,-33.8,-41.1,-37,-27.8,72.3,0,0,0,,0,0,56.2,41.5,319.7,998.4,54.7,25.4,4,0.3,0,,2022-01-06T09:13:27,2022-01-06T14:07:00,0.09,Partially cloudy,Partly cloudy throughout the day.,partly-cloudy-day,"71909099999,71321099999,CYFB,CXFB"
iqaluit,1/7/2022,-26.9,-32,-29.8,-30.9,-42.9,-39.4,-33.6,69.6,0.2,100,8.33,snow,0,0,,20.5,322.4,1003.2,22.2,30.5,4.7,0.3,0,,2022-01-07T09:11:54,2022-01-07T14:09:26,0.14,"Snow, Partially cloudy",Partly cloudy throughout the day with late afternoon snow.,snow,71909099999
iqaluit,1/8/2022,-26.1,-31.5,-28.1,-29,-41.9,-36.7,-31.7,71.3,1.3,100,20.83,snow,0,0,,15.6,326.4,1009.1,65.7,21.4,3.9,0.3,0,,2022-01-08T09:10:15,2022-01-08T14:11:57,0.19,"Snow, Partially cloudy",Partly cloudy throughout the day with snow.,snow,"71909099999,71321099999,CYFB,CXFB"
iqaluit,1/9/2022,-30,-32.9,-31.4,-30.1,-46.2,-39.6,-34.9,70.8,2.3,100,37.5,snow,0,0,,22.1,334.2,1001.8,20.2,30.9,5.4,0.4,0,,2022-01-09T09:08:31,2022-01-09T14:14:32,0.24,"Snow, Partially cloudy",Partly cloudy throughout the day with a chance of snow throughout the day.,snow,"71909099999,71321099999,CYFB,CXFB"
iqaluit,1/10/2022,-29.9,-32.6,-31.5,-45.7,-49.7,-47.4,-35.5,67.2,0,0,0,,0,11.9,45.4,38.1,325.2,992,56.2,26.1,2.9,0.2,0,10,2022-01-10T09:06:42,2022-01-10T14:17:12,0.28,Partially cloudy,Partly cloudy throughout the day.,partly-cloudy-day,"71909099999,71321099999,CYFB,CXFB"
iqaluit,1/11/2022,-30.1,-34.6,-32.2,-31.9,-45.9,-40.6,-36.1,68.2,0.7,100,16.67,snow,0,16.7,40,23.1,328.3,995.1,43.5,29,3.3,0.2,0,10,2022-01-11T09:04:48,2022-01-11T14:19:55,0.33,"Snow, Partially cloudy",Partly cloudy throughout the day with late afternoon snow.,snow,"71909099999,71321099999,CYFB,CXFB"
iqaluit,1/12/2022,-23,-32,-27.3,-25,-38,-30.8,-31.2,69.5,1.5,100,37.5,snow,0,16.8,27.7,16.7,17.8,1002,84,25.3,3.1,0.2,0,10,2022-01-12T09:02:49,2022-01-12T14:22:42,0.38,"Snow, Partially cloudy",Partly cloudy throughout the day with a chance of snow throughout the day.,snow,"71909099999,71321099999,CYFB,CXFB"
iqaluit,1/13/2022,-23,-28.1,-26,-33.1,-46.4,-41.4,-29.7,71.8,1.3,100,25,snow,0.2,16.9,63,49.9,327,1009.2,93.4,9.6,2.9,0.2,0,10,2022-01-13T09:00:45,2022-01-13T14:25:32,0.41,"Snow, Overcast",Cloudy skies throughout the day with snow.,snow,"71909099999,71321099999,CYFB,CXFB"
iqaluit,1/14/2022,-28.6,-32.9,-30.2,-43.2,-49.2,-46.2,-34.1,68.8,0,0,0,,0,16.9,54.5,43.5,330.3,1018.3,58.8,27.4,4.3,0.3,0,10,2022-01-14T08:58:37,2022-01-14T14:28:25,0.45,Partially cloudy,Partly cloudy throughout the day.,partly-cloudy-day,"71909099999,71321099999,CYFB,CXFB"
iqaluit,1/15/2022,-31.6,-33.6,-32.5,-31.6,-47.7,-39.1,-36.4,67.7,1.2,100,20.83,snow,0,16.9,31.7,24.9,326.7,1016.5,37.1,32,5.6,0.6,0,10,2022-01-15T08:56:25,2022-01-15T14:31:21,0.47,"Snow, Partially cloudy",Clearing in the afternoon with snow.,snow,"71909099999,71321099999,CYFB,CXFB"
iqaluit,1/16/2022,-30.1,-34.6,-32.6,-30.1,-40.6,-34.3,-36.3,69.7,2.1,100,33.33,snow,0,16.9,6.8,6.4,348.3,1003.6,40.8,32,6.1,0.6,0,10,2022-01-16T08:54:09,2022-01-16T14:34:19,0.49,"Snow, Partially cloudy",Becoming cloudy in the afternoon with a chance of snow throughout the day.,snow,"71909099999,71321099999,CYFB,CXFB"
iqaluit,1/17/2022,-15.1,-30.5,-20.5,-21,-32.4,-26.6,-23.3,78.2,1.3,100,33.33,snow,0.4,17.3,35.3,23.3,134.7,1000.2,99,19.1,4.8,0.4,0,10,2022-01-17T08:51:50,2022-01-17T14:37:20,0.5,"Snow, Overcast",Cloudy skies throughout the day with a chance of snow throughout the day.,snow,"71909099999,71321099999,CYFB,CXFB"
iqaluit,1/18/2022,-19,-25.6,-22.8,-22.1,-41.7,-34.2,-27.1,68.8,0.2,100,4.17,snow,0.5,17.8,63,51.7,311.1,998.6,97,13.3,5.4,0.5,0,10,2022-01-18T08:49:26,2022-01-18T14:40:23,0.5,"Snow, Overcast",Cloudy skies throughout the day with morning snow.,snow,"71909099999,71321099999,CYFB,CXFB"
iqaluit,1/19/2022,-26,-31.3,-28.6,-28.1,-42.9,-37.9,-32,72.5,0.8,100,12.5,snow,0.1,18.2,53.6,40.7,328,998.7,68.4,24.5,6.7,0.6,0,10,2022-01-19T08:47:00,2022-01-19T14:43:28,0.52,"Snow, Partially cloudy",Partly cloudy throughout the day with late afternoon snow.,snow,"71909099999,71321099999,CYFB,CXFB"
iqaluit,1/20/2022,-28.5,-34.1,-30.9,-28.5,-42.6,-34.4,-34.3,72.3,2.4,100,37.5,snow,0,18,15.1,8.4,360,1002.4,46.7,31.1,6.8,0.6,0,10,2022-01-20T08:44:30,2022-01-20T14:46:34,0.53,"Snow, Partially cloudy",Partly cloudy throughout the day with a chance of snow throughout the day.,snow,"71909099999,71321099999,CYFB,CXFB"
iqaluit,1/21/2022,-22.6,-36.5,-31.7,-31,-44.3,-37.9,-35.2,71,1,100,12.5,snow,0,17.8,47.5,35.1,106.1,1004.1,40.8,29.2,9.1,0.9,0,10,2022-01-21T08:41:57,2022-01-21T14:49:43,0.56,"Snow, Partially cloudy",Becoming cloudy in the afternoon with snow clearing later.,snow,"71909099999,71321099999,CYFB,CXFB"
iqaluit,1/22/2022,-14.1,-22,-17.3,-17.1,-35.5,-26.7,-20.4,77.1,0.9,100,16.67,snow,1.3,19.1,61.2,46.4,137.6,988.9,98,15.6,6.2,0.6,0,10,2022-01-22T08:39:21,2022-01-22T14:52:52,0.6,"Snow, Overcast",Cloudy skies throughout the day with snow.,snow,"71909099999,71321099999,CYFB,CXFB"
iqaluit,1/23/2022,-20,-27,-22.7,-20,-35.4,-28.1,-27.1,67.4,1.1,100,33.33,snow,0,19.1,11.9,19.5,91.7,996.2,88.7,26.7,8.8,0.7,0,10,2022-01-23T08:36:43,2022-01-23T14:56:03,0.65,"Snow, Partially cloudy",Partly cloudy throughout the day with a chance of snow throughout the day.,snow,"71909099999,71321099999,CYFB,CXFB"
iqaluit,1/24/2022,-23,-30.1,-26.1,-24.1,-38.1,-33.5,-29.8,71.1,0.6,100,16.67,snow,0.2,19.3,39.8,32.4,333.8,997.5,86.3,21.1,7.9,0.7,0,10,2022-01-24T08:34:02,2022-01-24T14:59:14,0.7,"Snow, Partially cloudy",Partly cloudy throughout the day with snow.,snow,"71909099999,71321099999,CYFB,CXFB"
iqaluit,1/25/2022,-26,-31.6,-28.4,-26.1,-36.3,-31.1,-32.5,67.7,6.6,100,62.5,snow,0.1,19.2,6.1,12,93.8,1006,83.1,30.1,9.8,0.8,1,10,2022-01-25T08:31:18,2022-01-25T15:02:27,0.75,"Snow, Partially cloudy",Partly cloudy throughout the day with a chance of snow throughout the day.,snow,"71909099999,71321099999,CYFB,CXFB"
iqaluit,1/26/2022,-27.3,-31.4,-29.3,-27.3,-38.7,-32.2,-33,69.9,4.6,100,54.17,snow,0,19.2,8.3,11,121.6,1005.2,59.2,29.7,12.8,1.1,1,10,2022-01-26T08:28:32,2022-01-26T15:05:40,0.81,"Snow, Partially cloudy",Partly cloudy throughout the day with a chance of snow throughout the day.,snow,"71909099999,71321099999,CYFB,CXFB"
iqaluit,1/27/2022,-22.1,-31,-24.8,-23,-38.1,-30.3,-27.9,75.6,2.3,100,45.83,snow,0.4,19.6,38.9,20.5,135.9,997.9,76.1,13.8,9.3,0.8,0,10,2022-01-27T08:25:44,2022-01-27T15:08:54,0.86,"Snow, Partially cloudy",Partly cloudy throughout the day with a chance of snow throughout the day.,snow,"71909099999,71321099999,CYFB,CXFB"
iqaluit,1/28/2022,-19.9,-29.6,-23.8,-19.9,-44.5,-30.5,-26.9,75.5,1,100,29.17,snow,0,19.3,37.1,31.6,324.6,992.7,93.8,8.6,10,0.8,0,10,2022-01-28T08:22:54,2022-01-28T15:12:09,0.91,"Snow, Overcast",Cloudy skies throughout the day with a chance of snow throughout the day.,snow,"71909099999,71321099999,CYFB,CXFB"
iqaluit,1/29/2022,-22,-31.6,-26.1,-30.3,-44.7,-36,-30.5,67.2,0.3,100,4.17,snow,0.1,18.1,27.7,23.1,214.2,1005.8,93.3,21.8,11.3,1,1,10,2022-01-29T08:20:01,2022-01-29T15:15:24,0.95,"Snow, Overcast",Cloudy skies throughout the day with morning snow.,snow,"71909099999,71321099999,CYFB,CXFB"
iqaluit,1/30/2022,-23.1,-32,-26.3,-29,-39.8,-33.9,-30,71.2,1.8,100,33.33,snow,0,18.5,20.5,13.8,98.4,1013.8,61.2,20.7,13.6,1.3,1,10,2022-01-30T08:17:07,2022-01-30T15:18:39,0.98,"Snow, Partially cloudy",Partly cloudy throughout the day with snow.,snow,"71909099999,71321099999,CYFB,CXFB"
iqaluit,1/31/2022,-29,-36.1,-33,-32,-48.3,-40.7,-36.6,70.1,1.4,100,25,snow,0,18.3,24.8,23.3,328.4,1012.5,22.4,30,17.8,1.7,1,10,2022-01-31T08:14:11,2022-01-31T15:21:54,1,"Snow, Partially cloudy",Partly cloudy throughout the day with snow.,snow,"71909099999,71321099999,CYFB,CXFB"
iqaluit,2/1/2022,-20.9,-35.4,-29.3,-28.1,-43,-33.7,-32.6,73.1,0.8,100,20.83,snow,0.1,18.4,42.5,29.5,121.4,1022.1,73.1,20.7,14.6,1.4,1,10,2022-02-01T08:11:13,2022-02-01T15:25:10,0,"Snow, Partially cloudy",Partly cloudy throughout the day with snow.,snow,"71909099999,71321099999,CYFB,CXFB"
iqaluit,2/2/2022,-12.1,-20,-15.1,-19.5,-32.9,-24.9,-17.4,82.4,2.1,100,50,snow,1.6,20.3,61.2,34.3,119.1,996,94.9,8,12.3,1.1,1,10,2022-02-02T08:08:13,2022-02-02T15:28:25,0.01,"Snow, Overcast",Cloudy skies throughout the day with a chance of snow throughout the day.,snow,"71909099999,71321099999,CYFB,CXFB"
iqaluit,2/3/2022,-12.3,-23.6,-20.2,-17.8,-35.1,-29.5,-24.7,67.4,0.5,100,12.5,snow,0.6,22.2,38.3,25.3,236.6,993.4,95,17,16.6,1.5,1,10,2022-02-03T08:05:12,2022-02-03T15:31:40,0.03,"Snow, Overcast",Cloudy skies throughout the day with early morning snow.,snow,"71909099999,71321099999,CYFB,CXFB"
iqaluit,2/4/2022,-21.9,-28.9,-25.2,-27.1,-39.2,-35.5,-31.1,58.1,0.2,100,8.33,snow,0,22,43.2,30.5,277.3,1002.6,96,26.7,18.2,1.6,1,10,2022-02-04T08:02:09,2022-02-04T15:34:56,0.07,"Snow, Overcast",Cloudy skies throughout the day with snow.,snow,"71909099999,71321099999,CYFB,CXFB"
iqaluit,2/5/2022,-28.1,-37.6,-32.9,-30.3,-47.6,-36.7,-37.6,62.7,3.3,100,45.83,snow,0,21.9,6.5,14.1,2.5,1009.4,71.7,32.7,21.5,2,1,10,2022-02-05T07:59:05,2022-02-05T15:38:11,0.11,"Snow, Partially cloudy",Partly cloudy throughout the day with a chance of snow throughout the day.,snow,"71909099999,71321099999,CYFB,CXFB"
iqaluit,2/6/2022,-35.6,-39.6,-37.4,-35.6,-49.9,-42.2,-41.4,65.8,6.1,100,45.83,snow,0,22,10.8,11,349.4,1011.6,17,31.3,26.2,2.3,1,10,2022-02-06T07:56:00,2022-02-06T15:41:26,0.15,Snow,Clear conditions throughout the day with a chance of snow throughout the day.,snow,"71909099999,71321099999,CYFB,CXFB"
iqaluit,2/7/2022,-20.1,-38.6,-28,-29,-40.6,-34.1,-32.2,67.4,0.5,100,16.67,snow,0,22.3,31.3,19.3,158.7,1013,88.6,17.7,18.6,1.7,1,10,2022-02-07T07:52:53,2022-02-07T15:44:40,0.2,"Snow, Partially cloudy",Partly cloudy throughout the day with a chance of snow throughout the day.,snow,"71909099999,71321099999,CYFB,CXFB"
iqaluit,2/8/2022,-17.9,-20.1,-18.7,-18,-32.4,-27.7,-22.1,75.2,2.1,100,37.5,snow,0,23.9,42.5,36.7,157.2,1005.9,100,10.8,13.9,1.2,1,10,2022-02-08T07:49:44,2022-02-08T15:47:54,0.25,"Snow, Overcast",Cloudy skies throughout the day with snow.,snow,"71909099999,71321099999,CYFB,CXFB"
iqaluit,2/9/2022,-18,-33.5,-27.3,-18,-45.8,-36.7,-30.5,74.1,0.2,100,4.17,snow,0,25.4,36.2,27.7,330.6,1007.4,56.5,24.5,34.3,3.2,2,10,2022-02-09T07:46:35,2022-02-09T15:51:08,0.29,"Snow, Partially cloudy",Clearing in the afternoon with early morning snow.,snow,"71909099999,71321099999,CYFB,CXFB"
iqaluit,2/10/2022,-16.1,-32.9,-24.9,-17.1,-32.9,-27.2,-27.8,77.2,2.8,100,54.17,snow,0.9,24.6,18.4,14.8,318.4,1000.9,86.2,10,15.1,1.3,1,10,2022-02-10T07:43:25,2022-02-10T15:54:21,0.34,"Snow, Partially cloudy",Partly cloudy throughout the day with a chance of snow throughout the day.,snow,"71909099999,71321099999,CYFB,CXFB"
iqaluit,2/11/2022,-17,-26.6,-19.7,-17,-34.7,-22,-22.2,80.1,1.3,100,25,snow,0.6,25.3,30.6,15.7,151.6,992.2,85.2,11.7,22,1.8,1,10,2022-02-11T07:40:13,2022-02-11T15:57:34,0.38,"Snow, Partially cloudy",Partly cloudy throughout the day with a chance of snow throughout the day.,snow,"71909099999,71321099999,CYFB,CXFB"
iqaluit,2/12/2022,-26.1,-33.2,-30.2,-29,-42,-33.9,-34.1,68.7,3.3,100,25,snow,0,25.4,15.5,13.8,82.5,997.8,69.5,29.1,35.6,3.1,1,10,2022-02-12T07:37:00,2022-02-12T16:00:47,0.42,"Snow, Partially cloudy",Partly cloudy throughout the day with snow clearing later.,snow,"71909099999,71321099999,CYFB,CXFB"
iqaluit,2/13/2022,-25.9,-31.1,-28.4,-26.9,-37,-30.8,-31.9,72.3,0.1,100,4.17,snow,0.1,25.5,22,14.1,248.4,998.7,94.5,10.1,27.7,2.3,1,10,2022-02-13T07:33:47,2022-02-13T16:03:58,0.45,"Snow, Overcast",Cloudy skies throughout the day with late afternoon snow.,snow,"71909099999,71321099999,CYFB,CXFB"
iqaluit,2/14/2022,-24.1,-33.7,-26.9,-24.9,-44,-30.4,-30.4,72.6,1,100,20.83,snow,0,25.7,8.3,11,22.4,1001.9,89.2,11.1,31.7,2.8,1,10,2022-02-14T07:30:32,2022-02-14T16:07:10,0.48,"Snow, Partially cloudy",Partly cloudy throughout the day with snow.,snow,"71909099999,71321099999,CYFB,CXFB"
iqaluit,2/15/2022,-32.1,-37.2,-34.3,-36.4,-49.2,-44.8,-37.9,69.5,1.8,100,29.17,snow,0,25.7,28.1,23.1,325.9,1003.1,63.6,33,39.8,3.3,2,10,2022-02-15T07:27:17,2022-02-15T16:10:20,0.49,"Snow, Partially cloudy",Partly cloudy throughout the day with snow.,snow,"71909099999,71321099999,CYFB,CXFB"
iqaluit,2/16/2022,-28.1,-33.5,-30.9,-28.1,-43.7,-34.3,-34.5,70.7,0.2,100,8.33,snow,0,25.7,12.2,17.5,359.7,1008.7,91.4,12.1,38.8,3.4,2,10,2022-02-16T07:24:00,2022-02-16T16:13:30,0.5,"Snow, Overcast",Cloudy skies throughout the day with snow.,snow,"71909099999,71321099999,CYFB,CXFB"
iqaluit,2/17/2022,-27.1,-33.5,-29.5,-27.1,-46,-36.3,-33.1,71,0,0,0,snow,0,26,13.7,17.4,331.9,1006,73.9,21,41,3.6,2,10,2022-02-17T07:20:43,2022-02-17T16:16:40,0.51,Partially cloudy,Partly cloudy throughout the day.,partly-cloudy-day,"71909099999,71321099999,CYFB,CXFB"
iqaluit,2/18/2022,-31,-36.4,-33.6,-32,-46.7,-41.9,-37.3,69.2,0.2,100,4.17,snow,0,26,23,15.7,323.6,1007.5,17.3,22.3,52.8,4.6,2,10,2022-02-18T07:17:25,2022-02-18T16:19:49,0.52,Snow,Clear conditions throughout the day with morning snow.,snow,"71909099999,71321099999,CYFB,CXFB"
iqaluit,2/19/2022,-31.3,-37.6,-35,-31.3,-49.7,-41.7,-38.8,68.3,0.3,100,4.17,snow,0,26,24.8,19.5,333.8,1007.4,25.3,24,53.7,4.6,2,10,2022-02-19T07:14:06,2022-02-19T16:22:57,0.54,"Snow, Partially cloudy",Partly cloudy throughout the day with afternoon snow.,snow,"71909099999,71321099999,CYFB,CXFB"
iqaluit,2/20/2022,-32,-37.1,-34.7,-32,-45.3,-37,-38.5,68.2,0,0,0,,0,26,7.9,9.2,337.3,1011.3,53.1,21.3,46.6,4,2,10,2022-02-20T07:10:47,2022-02-20T16:26:04,0.58,Partially cloudy,Partly cloudy throughout the day.,partly-cloudy-day,"71909099999,71321099999,CYFB,CXFB"
iqaluit,2/21/2022,-31,-37.6,-34.3,-35.9,-51.8,-44.1,-38,69.1,0,0,0,,0,26.1,44.6,38.7,332.3,1009.8,60.8,20.5,46.2,4.2,2,10,2022-02-21T07:07:27,2022-02-21T16:29:11,0.62,Partially cloudy,Partly cloudy throughout the day.,partly-cloudy-day,"71909099999,71321099999,CYFB,CXFB"
iqaluit,2/22/2022,-29,-35,-31.9,-29.9,-47.4,-38.7,-35.5,70.7,0.2,100,4.17,snow,0,26.2,42.7,32.7,330.8,1021.5,66.5,21.4,55.3,4.8,2,10,2022-02-22T07:04:06,2022-02-22T16:32:18,0.67,"Snow, Partially cloudy",Partly cloudy throughout the day with late afternoon snow.,snow,"71909099999,71321099999,CYFB,CXFB"
iqaluit,2/23/2022,-28.9,-35.4,-32.4,-29.9,-43.7,-36.4,-36.2,69.5,0.2,100,8.33,snow,0,26.2,14.8,8.4,346.5,1022.6,71.5,30,61.7,5.3,2,10,2022-02-23T07:00:45,2022-02-23T16:35:23,0.73,"Snow, Partially cloudy",Partly cloudy throughout the day with late afternoon snow.,snow,"71909099999,71321099999,CYFB,CXFB"
iqaluit,2/24/2022,-31.1,-36.5,-33.8,-34.1,-48.5,-43.5,-37.7,67.6,0.2,100,4.17,snow,0,26.3,33.5,28.5,327.3,1015.1,51.5,30.4,66.6,5.7,2,10,2022-02-24T06:57:23,2022-02-24T16:38:28,0.79,"Snow, Partially cloudy",Partly cloudy throughout the day with morning snow.,snow,"71909099999,71321099999,CYFB,CXFB"
iqaluit,2/25/2022,-27.1,-31.6,-29.5,-40.6,-47.6,-43.2,-33.6,68,0.2,100,8.33,snow,0,26.5,44.3,33.2,327.7,1004.1,88.3,12.6,52.4,4.6,2,10,2022-02-25T06:54:00,2022-02-25T16:41:33,0.84,"Snow, Partially cloudy",Partly cloudy throughout the day with early morning snow.,snow,"71909099999,71321099999,CYFB,CXFB"
iqaluit,2/26/2022,-23.6,-28.6,-26.2,-36.3,-42.1,-39.1,-30.1,69.7,0.1,100,4.17,snow,0.1,26.8,40.7,35.1,328.6,994.7,98,14.9,43.8,3.8,1,10,2022-02-26T06:50:37,2022-02-26T16:44:37,0.89,"Snow, Overcast",Cloudy skies throughout the day with morning snow.,snow,"71909099999,71321099999,CYFB,CXFB"
iqaluit,2/27/2022,-25.1,-29.9,-27.5,-38.8,-43.8,-41.2,-31.2,70.3,0,0,0,,0,26.8,46.4,34.6,327.3,996.1,80.1,30.3,58.9,4.9,2,10,2022-02-27T06:47:13,2022-02-27T16:47:40,0.94,Partially cloudy,Partly cloudy throughout the day.,partly-cloudy-day,"71909099999,71321099999,CYFB,CXFB"
iqaluit,2/28/2022,-27,-32,-29.4,-27,-45.9,-40.5,-33.5,67.6,0,0,0,,0,26.8,42.5,32.1,326,1003.9,49.5,32,72.6,6.1,3,10,2022-02-28T06:43:49,2022-02-28T16:50:43,0.97,Partially cloudy,Partly cloudy throughout the day.,partly-cloudy-day,"71909099999,71321099999,CYFB,CXFB"
iqaluit,3/1/2022,-25,-33,-28.3,-31.5,-42.1,-39,-31.9,71.7,0,0,0,,0,26.8,48.8,38.7,327.9,1006.9,55.1,32.3,84,6,3,10,2022-03-01T06:40:25,2022-03-01T16:53:45,1,Partially cloudy,Partly cloudy throughout the day.,partly-cloudy-day,"71909099999,71321099999,CYFB,CXFB"
iqaluit,3/2/2022,-21,-26,-23.3,-32.4,-41.3,-36.4,-26.7,73.3,0,0,0,,0,26.6,46.3,35.3,327.4,999.3,98,24.2,65.9,4.8,2,10,2022-03-02T06:37:00,2022-03-02T16:56:46,1,Overcast,Cloudy skies throughout the day.,cloudy,"71909099999,71321099999,CYFB,CXFB"
iqaluit,3/3/2022,-18.9,-21.1,-20.4,-19,-33.6,-24.8,-23.4,76.9,0.1,100,4.17,snow,0.2,26.3,35.3,28.5,349,997.4,88.6,13.9,59.6,4.4,2,10,2022-03-03T06:33:34,2022-03-03T16:59:47,0,"Snow, Partially cloudy",Partly cloudy throughout the day with late afternoon snow.,snow,"71909099999,71321099999,CYFB,CXFB"
iqaluit,3/4/2022,-20.4,-27.9,-22.4,-20.5,-39.3,-25.5,-25.5,76,0.6,100,12.5,snow,0,26.5,13.7,16.6,336.3,1001.8,59.4,28.9,81.6,6,3,10,2022-03-04T06:30:09,2022-03-04T17:02:47,0.02,"Snow, Partially cloudy",Partly cloudy throughout the day with snow.,snow,"71909099999,71321099999,CYFB,CXFB"
iqaluit,3/5/2022,-15.9,-27.1,-21.4,-28.4,-42.5,-35,-24.4,76.5,0,0,0,,0,25.1,56.5,43.7,325.2,1000.7,72.5,11.1,88.2,6.3,3,10,2022-03-05T06:26:42,2022-03-05T17:05:47,0.04,Partially cloudy,Partly cloudy throughout the day.,partly-cloudy-day,"71909099999,71321099999,CYFB,CXFB"
iqaluit,3/6/2022,-15.9,-19.1,-17.3,-16,-32.2,-25.2,-20.2,78.4,0,0,0,,0,25.2,53.6,47,326.7,1003.5,91,30.2,102.6,7.5,3,10,2022-03-06T06:23:16,2022-03-06T17:08:47,0.08,Overcast,Cloudy skies throughout the day.,cloudy,"71909099999,71321099999,CYFB,CXFB"
iqaluit,3/7/2022,-17.9,-20,-18.8,-18.1,-26.3,-22.1,-22.6,72.6,0,0,0,,0,25.2,15.5,13.8,319.8,1005.1,99.5,21.2,100.2,8.1,3,10,2022-03-07T06:19:49,2022-03-07T17:11:46,0.12,Overcast,Cloudy skies throughout the day.,cloudy,"71909099999,71321099999,CYFB,CXFB"
iqaluit,3/8/2022,-19.4,-26,-21.5,-20.9,-36.9,-30.8,-26.1,66.5,0,0,0,,0,25.2,27.7,25.9,353.8,1003.9,66.8,34.3,102,8.9,3,10,2022-03-08T06:16:22,2022-03-08T17:14:44,0.16,Partially cloudy,Partly cloudy throughout the day.,partly-cloudy-day,"71909099999,71321099999,CYFB,CXFB"
iqaluit,3/9/2022,-23.4,-28.9,-25.5,-23.4,-39.2,-31.3,-28.6,75.2,0,0,0,,0,25.3,11.9,21,328.3,1001.2,84.7,29.1,107.1,9.4,3,10,2022-03-09T06:12:54,2022-03-09T17:17:42,0.21,Partially cloudy,Partly cloudy throughout the day.,partly-cloudy-day,"71909099999,71321099999,CYFB,CXFB"
iqaluit,3/10/2022,-19.6,-26,-23.4,-19.6,-35,-25.5,-26.1,78.6,0,0,0,snow,0,25.3,21.6,11.3,314.9,1000.4,90.3,26,83,7.1,3,10,2022-03-10T06:09:27,2022-03-10T17:20:40,0.25,Overcast,Cloudy skies throughout the day.,cloudy,"71909099999,71321099999,CYFB,CXFB"
iqaluit,3/11/2022,-23.9,-34.1,-27.3,-24.1,-41.6,-32.9,-31,70.8,0,0,0,,0,25.5,29.5,26.7,336.1,1005.2,41.4,35.7,119.6,10.3,4,10,2022-03-11T06:05:59,2022-03-11T17:23:37,0.3,Partially cloudy,Partly cloudy throughout the day.,partly-cloudy-day,"71909099999,71321099999,CYFB,CXFB"
iqaluit,3/12/2022,-26.1,-32.5,-29.6,-26.1,-40.9,-30.6,-33.3,70.3,0,0,0,,0,25.5,6.8,8.4,346,1005.2,21,34.7,118.1,10.1,4,10,2022-03-12T06:02:30,2022-03-12T17:26:34,0.35,Partially cloudy,Partly cloudy throughout the day.,partly-cloudy-day,"71909099999,71321099999,CYFB,CXFB"
iqaluit,3/13/2022,-27,-34,-30.3,-30.4,-44.7,-35.9,-34.1,69.3,0.3,100,4.17,snow,0,25.5,22,23.1,325.5,994.3,44.5,35.6,127.7,10.6,4,10,2022-03-13T06:59:02,2022-03-13T18:29:31,0.39,"Snow, Partially cloudy",Becoming cloudy in the afternoon with afternoon snow.,snow,"71909099999,71321099999,CYFB,CXFB"
iqaluit,3/14/2022,-25.3,-33.9,-30,-37.6,-47.2,-42.2,-34.4,65.9,0,0,0,,0,25.6,44.6,26.7,317.8,985.6,77.6,25.9,103.5,8.9,3,10,2022-03-14T06:55:33,2022-03-14T18:32:28,0.43,Partially cloudy,Partly cloudy throughout the day.,partly-cloudy-day,"71909099999,71321099999,CYFB,CXFB"
iqaluit,3/15/2022,-21.9,-26.1,-23.9,-32.7,-39,-35.7,-28.8,64.4,0,0,0,snow,0.3,26,45.4,37.1,294.8,991.1,96.5,21.9,86.6,7.6,3,10,2022-03-15T06:52:04,2022-03-15T18:35:24,0.46,Overcast,Cloudy skies throughout the day.,snow,"71909099999,71321099999,CYFB,CXFB"
iqaluit,3/16/2022,-17.1,-23.9,-20.3,-18.1,-33.5,-27.3,-25.1,65.6,0.1,100,4.17,snow,0,26.4,43.2,19.9,280.2,992.6,95,33.5,110,9.5,3,10,2022-03-16T06:48:35,2022-03-16T18:38:19,0.48,"Snow, Overcast",Cloudy skies throughout the day with late afternoon snow.,snow,"71909099999,71321099999,CYFB,CXFB"
iqaluit,3/17/2022,-16.1,-22.9,-18.1,-18,-33.9,-26,-23.2,64.5,0,0,0,,0.3,26.8,39.8,30.6,274.7,994.6,97,31.7,107.5,9.2,3,10,2022-03-17T06:45:06,2022-03-17T18:41:15,0.5,Overcast,Cloudy skies throughout the day.,snow,"71909099999,71321099999,CYFB,CXFB"
iqaluit,3/18/2022,-22.5,-29.4,-25.4,-23,-41,-31.1,-29.4,69.1,0,0,0,,0,26.6,8.3,20.1,323.2,1005.7,76,30.1,138.5,12.1,4,10,2022-03-18T06:41:36,2022-03-18T18:44:10,0.5,Partially cloudy,Partly cloudy throughout the day.,partly-cloudy-day,"71909099999,71321099999,CYFB,CXFB"
iqaluit,3/19/2022,-23.5,-31,-27.2,-28.1,-45.9,-37.2,-31.4,67.5,0,0,0,,0,26.7,16.2,25.9,323.7,1018.6,27.5,35,151.4,13.2,4,10,2022-03-19T06:38:07,2022-03-19T18:47:06,0.51,Partially cloudy,Partly cloudy throughout the day.,partly-cloudy-day,"71909099999,71321099999,CYFB,CXFB"
iqaluit,3/20/2022,-21,-32.1,-25.9,-22,-37,-27.5,-30.2,67.3,0,0,0,,0,26.7,9.7,9.2,322.7,1024.1,43.7,35.7,153.4,13.2,4,10,2022-03-20T06:34:37,2022-03-20T18:50:01,0.53,Partially cloudy,Becoming cloudy in the afternoon.,partly-cloudy-day,"71909099999,71321099999,CYFB,CXFB"
iqaluit,3/21/2022,-16.5,-25.1,-19.9,-16.5,-40.4,-23.3,-23.2,75.2,0,0,0,,0,26.7,46.4,37.3,333.5,1024,82,27.5,131.2,11.2,4,10,2022-03-21T06:31:07,2022-03-21T18:52:56,0.56,Partially cloudy,Partly cloudy throughout the day.,partly-cloudy-day,"71909099999,71321099999,CYFB,CXFB"
iqaluit,3/22/2022,-20,-28,-23.9,-29.8,-43.6,-36.8,-28,68.9,0,0,0,,0,26.7,46.1,35.3,333.7,1034.4,19.4,32,154,13.4,5,10,2022-03-22T06:27:37,2022-03-22T18:55:51,0.61,Clear,Clear conditions throughout the day.,clear-day,"71909099999,71321099999,CYFB,CXFB"
iqaluit,3/23/2022,-9,-24.5,-18.3,-15.6,-25.5,-20.9,-21.8,73.7,0,0,0,,0,26.6,52.9,33.3,140.5,1031.1,85.5,35.3,102.2,8.9,4,10,2022-03-23T06:24:07,2022-03-23T18:58:46,0.66,Partially cloudy,Partly cloudy throughout the day.,partly-cloudy-day,"71909099999,71321099999,CYFB,CXFB"
iqaluit,3/24/2022,-6,-15.1,-8.7,-6,-19,-14.4,-13.2,70,0.1,100,4.17,snow,0.1,26.5,48.2,30.5,184.3,1012.8,88.4,35.7,124.4,10.7,4,10,2022-03-24T06:20:37,2022-03-24T19:01:41,0.71,"Snow, Partially cloudy",Partly cloudy throughout the day with morning snow.,snow,"71909099999,71321099999,CYFB,CXFB"
iqaluit,3/25/2022,-5.1,-14,-9.1,-12.1,-16.1,-14.2,-11.2,85,0.6,100,16.67,snow,1.9,27.4,50.8,36.1,131.5,1012.4,98.5,12.3,90.4,7.8,3,10,2022-03-25T06:17:07,2022-03-25T19:04:35,0.77,"Snow, Overcast",Cloudy skies throughout the day with snow.,snow,"71909099999,71321099999,CYFB,CXFB"
iqaluit,3/26/2022,-3.9,-8.5,-6,-10.5,-14.9,-13.3,-8.5,82.7,0,0,0,,0,28.6,55.4,37.1,135.8,1010.9,73.8,37,154.8,13.2,5,10,2022-03-26T06:13:37,2022-03-26T19:07:30,0.83,Partially cloudy,Partly cloudy throughout the day.,partly-cloudy-day,"71909099999,71321099999,CYFB,CXFB"
iqaluit,3/27/2022,-6,-10.9,-7.8,-6,-15.7,-11.9,-9.1,90.5,0,0,0,,0,28.4,31.3,20.1,104.5,1014.1,97.5,12.4,148.7,12.7,5,10,2022-03-27T06:10:06,2022-03-27T19:10:25,0.88,Overcast,Cloudy skies throughout the day.,cloudy,"71909099999,71321099999,CYFB,CXFB"
iqaluit,3/28/2022,-9,-16,-11.8,-9,-16.9,-12.3,-13.3,88.4,0,0,0,,0,28.5,14,8.4,339.8,1013.9,71.8,25.5,147.8,12.8,5,10,2022-03-28T06:06:36,2022-03-28T19:13:20,0.92,Partially cloudy,Partly cloudy throughout the day.,partly-cloudy-day,"71909099999,71321099999,CYFB,CXFB"
iqaluit,3/29/2022,-2.1,-11.9,-6.7,-3.1,-17.2,-8.3,-8.5,87.7,0,0,0,snow,0,28.5,19.1,11.2,186.1,1015.8,97.5,31,144.7,12.5,4,10,2022-03-29T06:03:06,2022-03-29T19:16:15,0.96,Overcast,Cloudy skies throughout the day.,cloudy,"71909099999,71321099999,CYFB,CXFB"
iqaluit,3/30/2022,-0.9,-4,-2.1,-5.6,-8.8,-7.4,-3.2,92.7,0.5,100,16.67,"rain,snow",0,28.5,38.9,28.5,138.8,1016.7,100,19.5,121.5,10.5,4,10,2022-03-30T05:59:36,2022-03-30T19:19:11,0.99,"Snow, Rain, Overcast",Cloudy skies throughout the day with rain or snow clearing later.,snow,"71909099999,71321099999,CYFB,CXFB"
iqaluit,3/31/2022,-2.1,-4.1,-3.2,-5.9,-9.4,-7.6,-4,94.4,0.3,100,4.17,snow,0,29.1,17.6,20.1,142,1015.9,100,11.8,138,11.8,5,10,2022-03-31T05:56:05,2022-03-31T19:22:06,1,"Snow, Overcast",Cloudy skies throughout the day with late afternoon snow.,snow,"71909099999,71321099999,CYFB,CXFB"
iqaluit,4/1/2022,-3.1,-4.9,-4,-3.6,-8.8,-7.1,-4.9,93.6,1,100,20.83,snow,0.2,29.3,21.2,14.8,135.4,1010.2,100,16.1,117.8,10.2,4,10,2022-04-01T05:52:35,2022-04-01T19:25:02,0,"Snow, Overcast",Cloudy skies throughout the day with snow clearing later.,snow,"71909099999,71321099999,CYFB,CXFB"
iqaluit,4/2/2022,-3,-4.6,-3.6,-4.1,-10.9,-7.8,-5.3,88.3,0,0,0,,0,29.3,40.7,24.5,136.9,1004.5,99,35.4,150.1,12.9,5,10,2022-04-02T05:49:05,2022-04-02T19:27:57,0.01,Overcast,Cloudy skies throughout the day.,cloudy,"71909099999,71321099999,CYFB,CXFB"
iqaluit,4/3/2022,-2.5,-7.9,-4.2,-4.9,-15.1,-11.1,-5.8,88.7,0,0,0,,0,29.4,46.4,38.5,138.7,1007.8,90.4,38,169.9,14.6,5,10,2022-04-03T05:45:35,2022-04-03T19:30:53,0.03,Overcast,Cloudy skies throughout the day.,cloudy,"71909099999,71321099999,CYFB,CXFB"
iqaluit,4/4/2022,-7.1,-14.6,-11.6,-14.4,-25,-21.4,-15.1,75.3,0,0,0,,0,29.4,47.3,39.7,330.4,1016.1,71.5,39,180.8,15.4,6,10,2022-04-04T05:42:05,2022-04-04T19:33:50,0.05,Partially cloudy,Partly cloudy throughout the day.,partly-cloudy-day,"71909099999,71321099999,CYFB,CXFB"
iqaluit,4/5/2022,-13,-17,-14.9,-23.7,-30.7,-26.6,-18.1,76.9,0,0,0,,0,29.5,58.1,45.4,329.2,1024.3,79.7,39,164.4,14.1,5,10,2022-04-05T05:38:35,2022-04-05T19:36:46,0.09,Partially cloudy,Partly cloudy throughout the day.,partly-cloudy-day,"71909099999,71321099999,CYFB,CXFB"
iqaluit,4/6/2022,-13.9,-19.1,-16.7,-25.4,-33.1,-29,-20,76,0,0,0,,0,29.4,51.8,46.5,327.8,1030.7,44.8,39,192.8,16.5,6,10,2022-04-06T05:35:05,2022-04-06T19:39:43,0.12,Partially cloudy,Partly cloudy throughout the day.,partly-cloudy-day,"71909099999,71321099999,CYFB,CXFB"
iqaluit,4/7/2022,-6.9,-18,-11.7,-7.9,-27.4,-14.5,-15.2,75.9,0.9,100,8.33,snow,0.2,29.4,35.3,30.3,310.4,1028.3,74,36.5,198.6,17.1,6,10,2022-04-07T05:31:35,2022-04-07T19:42:40,0.17,"Snow, Partially cloudy",Partly cloudy throughout the day with late afternoon snow.,snow,"71909099999,71321099999,CYFB,CXFB"
iqaluit,4/8/2022,-6,-8.1,-6.6,-6.9,-13.7,-11.7,-9.6,79.4,0.1,100,4.17,snow,0.5,30.2,16.2,24.9,326.3,1023.3,99,26.6,208.6,18,6,10,2022-04-08T05:28:05,2022-04-08T19:45:38,0.21,"Snow, Overcast",Cloudy skies throughout the day with early morning snow.,snow,"71909099999,71321099999,CYFB,CXFB"
iqaluit,4/9/2022,-5.1,-9,-7.1,-5.9,-16.1,-11.4,-9.2,85.6,0.5,100,8.33,snow,0.8,30.1,31.3,25.7,104.4,1015.5,100,18.4,152,13.1,5,10,2022-04-09T05:24:36,2022-04-09T19:48:36,0.26,"Snow, Overcast",Cloudy skies throughout the day with late afternoon snow.,snow,"71909099999,71321099999,CYFB,CXFB"
iqaluit,4/10/2022,-2.3,-6,-4.2,-2.3,-11.9,-6.8,-6.7,82.6,1.5,100,29.17,snow,0.8,31.8,31,16.6,80.2,1008.6,99.5,7.7,135.6,11.7,4,10,2022-04-10T05:21:06,2022-04-10T19:51:34,0.31,"Snow, Overcast",Cloudy skies throughout the day with a chance of snow throughout the day.,snow,"71909099999,71321099999,CYFB,CXFB"
iqaluit,4/11/2022,-6,-14,-9.1,-10.9,-20.3,-15.5,-12,79.2,0,0,0,,0,30.7,28.1,26.7,330.6,1014.6,48.1,40,217.1,18.7,6,10,2022-04-11T05:17:37,2022-04-11T19:54:32,0.35,Partially cloudy,Partly cloudy throughout the day.,partly-cloudy-day,"71909099999,71321099999,CYFB,CXFB"
iqaluit,4/12/2022,-7.1,-17.9,-11.6,-13.2,-21.7,-16.4,-13.7,84.5,0,0,0,,0,30.8,47.3,35.3,330,1016.8,86,36,224,19.3,6,10,2022-04-12T05:14:08,2022-04-12T19:57:31,0.4,Partially cloudy,Partly cloudy throughout the day.,partly-cloudy-day,"71909099999,71321099999,CYFB,CXFB"
iqaluit,4/13/2022,-12.1,-21.9,-17.3,-22.6,-34.2,-29.5,-20.7,75.2,0,0,0,,0,30.9,56.5,44.5,327.8,1023.6,39.9,40,237.2,20.5,7,10,2022-04-13T05:10:39,2022-04-13T20:00:31,0.44,Partially cloudy,Partly cloudy throughout the day.,partly-cloudy-day,"71909099999,71321099999,CYFB,CXFB"
iqaluit,4/14/2022,-17.4,-24.1,-20.7,-29.5,-36.9,-33,-24.6,71.2,0,0,0,,0,31,40.7,34.3,328.1,1029,16.8,39.3,239.6,20.6,7,10,2022-04-14T05:07:10,2022-04-14T20:03:31,0.47,Clear,Clear conditions throughout the day.,clear-day,"71909099999,71321099999,CYFB,CXFB"
iqaluit,4/15/2022,-12,-21.9,-16.9,-20.2,-33.2,-27.2,-21.1,70.6,0,0,0,,0,31,35.3,27.9,330.5,1020.5,17.9,41.7,243.1,21,7,10,2022-04-15T05:03:42,2022-04-15T20:06:31,0.49,Clear,Clear conditions throughout the day.,clear-day,"71909099999,71321099999,CYFB,CXFB"
iqaluit,4/16/2022,-11.3,-23,-16.4,-11.3,-26.3,-17.7,-19.6,76.4,0,0,0,snow,0.1,30.9,13.3,25.9,293.7,1012.6,67,39.7,210.6,18.3,6,10,2022-04-16T05:00:14,2022-04-16T20:09:32,0.5,Partially cloudy,Partly cloudy throughout the day.,snow,"71909099999,71321099999,CYFB,CXFB"
iqaluit,4/17/2022,-16,-23.1,-19.9,-26.5,-38.1,-31.8,-23.4,74.1,0,0,0,snow,0.3,31.4,50,43.8,332.1,1016.2,64.8,27.4,241.8,20.9,7,10,2022-04-17T04:56:46,2022-04-17T20:12:33,0.51,Partially cloudy,Partly cloudy throughout the day.,snow,"71909099999,71321099999,CYFB,CXFB"
iqaluit,4/18/2022,-16.9,-25.5,-20.4,-19.4,-35.5,-26,-24.3,71.3,0,0,0,,0,31.4,9.4,16.6,101.1,1027.4,69.2,23.8,241.8,20.8,7,10,2022-04-18T04:53:18,2022-04-18T20:15:35,0.52,Partially cloudy,Partly cloudy throughout the day.,partly-cloudy-day,"71909099999,71321099999,CYFB,CXFB"
iqaluit,4/19/2022,-10,-19.9,-14.5,-13.7,-24.7,-20.8,-18.5,71.9,0,0,0,snow,0,31.5,38.9,32.9,133.3,1026.6,90.4,37,197.9,17,6,10,2022-04-19T04:49:51,2022-04-19T20:18:37,0.55,Overcast,Cloudy skies throughout the day.,cloudy,"71909099999,71321099999,CYFB,CXFB"
iqaluit,4/20/2022,-6,-14.4,-9.4,-6,-21.6,-14.6,-12.8,76.7,0.4,100,8.33,snow,1.1,31.9,34.6,23.1,104.7,1017.3,89,17.2,207.5,17.7,7,10,2022-04-20T04:46:24,2022-04-20T20:21:40,0.59,"Snow, Partially cloudy",Partly cloudy throughout the day with late afternoon snow.,snow,"71909099999,71321099999,CYFB,CXFB"
iqaluit,4/21/2022,-8.1,-15.4,-11.8,-11,-22.2,-18.2,-15.4,75.1,0,0,0,,0,32.8,33.5,28.5,357.3,1014.1,59.2,36.1,234.9,20.2,7,10,2022-04-21T04:42:58,2022-04-21T20:24:43,0.64,Partially cloudy,Partly cloudy throughout the day.,partly-cloudy-day,"71909099999,71321099999,CYFB,CXFB"
iqaluit,4/22/2022,-10,-17.9,-14.1,-11.5,-23.5,-17.7,-18.2,70.9,0,0,0,,0,32.4,10.1,19.5,323.5,1024.8,64.6,37.9,211.4,18.1,6,10,2022-04-22T04:39:31,2022-04-22T20:27:47,0.7,Partially cloudy,Partly cloudy throughout the day.,partly-cloudy-day,"71909099999,71321099999,CYFB,CXFB"
iqaluit,4/23/2022,-10.3,-20.5,-14.5,-10.9,-24.3,-15.7,-17.8,76,0,0,0,,0,31.9,10.1,7.6,154.4,1033,29.7,39.3,266.9,23,7,10,2022-04-23T04:36:06,2022-04-23T20:30:51,0.75,Partially cloudy,Becoming cloudy in the afternoon.,partly-cloudy-day,"71909099999,71321099999,CYFB,CXFB"
iqaluit,4/24/2022,-4.9,-12,-7,-11.1,-18.2,-13.8,-9.5,82.4,0.1,100,4.17,snow,0.3,32.1,41.8,31.3,135.7,1034.1,97,27.4,178.3,15.5,5,10,2022-04-24T04:32:40,2022-04-24T20:33:56,0.81,"Snow, Overcast",Cloudy skies throughout the day with morning snow.,snow,"71909099999,71321099999,CYFB,CXFB"
iqaluit,4/25/2022,-5,-22,-11.9,-12.8,-32.3,-22.1,-14.2,82.7,0.9,100,12.5,snow,2.6,33.6,61.2,49.6,349.4,1021.9,75.5,22.8,178.7,15.5,6,10,2022-04-25T04:29:15,2022-04-25T20:37:01,0.86,"Snow, Partially cloudy",Partly cloudy throughout the day with snow in the morning and afternoon.,snow,"71909099999,71321099999,CYFB,CXFB"
iqaluit,4/26/2022,-12.1,-25.1,-18.6,-17.4,-32.1,-23.9,-23.1,67.8,0,0,0,,0,34.1,37.1,21,169.4,1016,35.9,41,272.4,23.7,7,10,2022-04-26T04:25:51,2022-04-26T20:40:07,0.91,Partially cloudy,Becoming cloudy in the afternoon.,partly-cloudy-day,"71909099999,71321099999,CYFB,CXFB"
iqaluit,4/27/2022,-9.1,-21.9,-13.8,-18.4,-27.7,-22.4,-17.4,74.2,0,0,0,,0,33.7,46.1,35.9,145,1010.9,79.7,34.2,223.6,19.4,6,10,2022-04-27T04:22:27,2022-04-27T20:43:13,0.95,Partially cloudy,Partly cloudy throughout the day.,partly-cloudy-day,"71909099999,71321099999,CYFB,CXFB"
iqaluit,4/28/2022,-6.5,-14.1,-9.3,-13,-20,-16.8,-13.3,73.2,0,0,0,snow,0.5,33.7,47.2,35.9,161.5,1009.6,93.9,32.9,233.8,20.1,6,10,2022-04-28T04:19:03,2022-04-28T20:46:20,0.98,Overcast,Cloudy skies throughout the day.,snow,"71909099999,71321099999,CYFB,CXFB"
iqaluit,4/29/2022,-6,-18.4,-11.1,-10,-25,-15,-15.8,69,0,0,0,,0,33.9,16.9,14.8,142.7,1027.3,60.2,41,287.5,24.8,7,10,2022-04-29T04:15:41,2022-04-29T20:49:27,1,Partially cloudy,Partly cloudy throughout the day.,partly-cloudy-day,"71909099999,71321099999,CYFB,CXFB"
iqaluit,4/30/2022,-3.1,-9.9,-6.5,-5.1,-17,-11.7,-9.9,76.6,0,0,0,,0,32.9,31.7,23.1,132.3,1034.3,76.1,42.7,237.2,20.3,7,10,2022-04-30T04:12:18,2022-04-30T20:52:34,1,Partially cloudy,Partly cloudy throughout the day.,partly-cloudy-day,"71909099999,71321099999,CYFB,CXFB"
iqaluit,5/1/2022,-1.4,-10.1,-5.4,-3.9,-10.1,-6.9,-8.3,80.4,0,0,0,,0,32.2,20.9,12.8,153.3,1027.6,72.8,40.7,228.3,19.6,6,10,2022-05-01T04:08:57,2022-05-01T20:55:42,0,Partially cloudy,Partly cloudy throughout the day.,partly-cloudy-day,"71909099999,71321099999,CYFB,CXFB"
iqaluit,5/2/2022,-4,-9.9,-6.6,-4,-20.1,-12.9,-9.1,82.8,0.1,100,4.17,snow,0.2,32.1,49.1,38.9,335.9,1023.7,96,31.9,274.6,23.8,7,10,2022-05-02T04:05:36,2022-05-02T20:58:51,0.01,"Snow, Overcast",Cloudy skies throughout the day with morning snow.,snow,"71909099999,71321099999,CYFB,CXFB"
iqaluit,5/3/2022,-7.9,-15.1,-11.1,-15.1,-24.6,-19.7,-14.3,77.8,0,0,0,,0,32.1,42.5,34,327.3,1026.4,27.9,43.7,301.1,26.3,8,10,2022-05-03T04:02:16,2022-05-03T21:01:59,0.03,Partially cloudy,Partly cloudy throughout the day.,partly-cloudy-day,"71909099999,71321099999,CYFB,CXFB"
iqaluit,5/4/2022,-10.1,-16.1,-13.2,-20.2,-27.4,-24.2,-16.5,76.6,0,0,0,,0,31.9,48.2,39.7,335.1,1022.5,23.5,39.4,307.2,26.6,8,10,2022-05-04T03:58:56,2022-05-04T21:05:08,0.06,Partially cloudy,Partly cloudy throughout the day.,partly-cloudy-day,"71909099999,71321099999,CYFB,CXFB"
iqaluit,5/5/2022,-6.1,-17,-11.2,-12.9,-29.4,-21,-15,74.1,0,0,0,,0,30.9,48.2,41.5,329.3,1019.4,29.3,40.3,307.9,26.6,8,10,2022-05-05T03:55:37,2022-05-05T21:08:17,0.09,Partially cloudy,Partly cloudy throughout the day.,partly-cloudy-day,"71909099999,71321099999,CYFB,CXFB"
iqaluit,5/6/2022,-7,-12.1,-9.5,-12.1,-21.4,-17.9,-12.5,78.6,0,0,0,,0,30.8,55.4,46.3,324.7,1020,42.5,44,310.7,26.6,8,10,2022-05-06T03:52:20,2022-05-06T21:11:27,0.13,Partially cloudy,Partly cloudy throughout the day.,partly-cloudy-day,"71909099999,71321099999,CYFB,CXFB"
iqaluit,5/7/2022,-0.9,-13.1,-6.3,-5,-22,-11.6,-12.1,65,0,0,0,,0,30.5,21.2,22.5,322.6,1018,81.7,45,273,23.7,7,10,2022-05-07T03:49:03,2022-05-07T21:14:37,0.18,Partially cloudy,Partly cloudy throughout the day.,partly-cloudy-day,"71909099999,71321099999,CYFB,CXFB"
iqaluit,5/8/2022,-0.1,-9,-3.4,-0.9,-13.5,-5.4,-7.9,71.3,0,0,0,snow,0.2,29.8,16.9,18.4,142,1016.2,57.9,44.3,300,26.1,8,10,2022-05-08T03:45:47,2022-05-08T21:17:46,0.22,Partially cloudy,Becoming cloudy in the afternoon.,snow,"71909099999,71321099999,CYFB,CXFB"
iqaluit,5/9/2022,3,-1,0.8,3,-4.6,-0.6,-2.4,79.5,0.2,100,4.17,"freezingrain,snow",0.6,26.1,11.5,10.3,166.5,1012.8,91.4,44,116.8,10.1,4,10,2022-05-09T03:42:32,2022-05-09T21:20:56,0.27,"Snow, Freezing Drizzle/Freezing Rain, Overcast",Cloudy skies throughout the day with morning snow.,snow,"71909099999,71321099999,CYFB,CXFB"
iqaluit,5/10/2022,1.9,-1.9,0.3,1.5,-9,-3,-0.8,92,1.2,100,12.5,snow,3.1,20.2,51.2,37.9,141.5,1008.7,98.5,31.3,83.8,7.5,2,10,2022-05-10T03:39:18,2022-05-10T21:24:06,0.32,"Snow, Overcast",Cloudy skies throughout the day with late afternoon snow.,snow,"71909099999,71321099999,CYFB,CXFB"
iqaluit,5/11/2022,-1.9,-6,-2.8,-6.5,-14.8,-10,-6.2,78.3,1.1,100,12.5,snow,3.4,26.3,55.4,37.3,73.8,1002,94.6,23.5,255.5,22,7,10,2022-05-11T03:36:05,2022-05-11T21:27:16,0.37,"Snow, Overcast",Cloudy skies throughout the day with early morning snow.,snow,"71909099999,71321099999,CYFB,CXFB"
iqaluit,5/12/2022,-4,-10,-6.4,-11.8,-18.2,-14.4,-9.1,81.3,0,0,0,,0,27.2,57.4,44.3,330,1018.4,71.7,41,318.7,27.5,8,10,2022-05-12T03:32:54,2022-05-12T21:30:25,0.41,Partially cloudy,Partly cloudy throughout the day.,partly-cloudy-day,"71909099999,71321099999,CYFB,CXFB"
iqaluit,5/13/2022,-2.9,-10,-6.8,-9.9,-16.1,-12.2,-10.1,77.7,0,0,0,,0,27.1,41.8,34.3,324.5,1019.6,62,42.7,322.9,27.8,8,10,2022-05-13T03:29:44,2022-05-13T21:33:35,0.45,Partially cloudy,Clearing in the afternoon.,partly-cloudy-day,"71909099999,71321099999,CYFB,CXFB"
iqaluit,5/14/2022,-4.9,-11.1,-6.9,-12.5,-18.8,-14.9,-10.3,76.5,0,0,0,,0,27.1,48.2,40.5,328.9,1025.1,78,38,331.3,28.6,8,10,2022-05-14T03:26:35,2022-05-14T21:36:44,0.48,Partially cloudy,Partly cloudy throughout the day.,partly-cloudy-day,"71909099999,71321099999,CYFB,CXFB"
iqaluit,5/15/2022,-2.1,-7.9,-4.8,-5.5,-13.8,-10.7,-8.1,77.5,0,0,0,snow,0,26.8,33.5,29.5,325.2,1024,83,42,311.4,26.8,8,10,2022-05-15T03:23:27,2022-05-15T21:39:53,0.5,Partially cloudy,Partly cloudy throughout the day.,partly-cloudy-day,"71909099999,71321099999,CYFB,CXFB"
iqaluit,5/16/2022,-2,-9.1,-4.3,-6,-13.5,-9.3,-6.5,85,0,0,0,,0,25.9,34.2,25.1,148.9,1019.4,90.5,42,283.4,24.4,7,10,2022-05-16T03:20:21,2022-05-16T21:43:01,0.5,Overcast,Cloudy skies throughout the day.,cloudy,"71909099999,71321099999,CYFB,CXFB"
iqaluit,5/17/2022,-1,-4.9,-3.1,-4.9,-10.1,-8.2,-6.6,76.7,0,0,0,,0,24.8,33.5,24.9,135.6,1017.3,90.9,43.7,280.6,24.4,7,10,2022-05-17T03:17:17,2022-05-17T21:46:09,0.52,Overcast,Cloudy skies throughout the day.,cloudy,"71909099999,71321099999,CYFB,CXFB"
iqaluit,5/18/2022,-0.9,-4.6,-2.6,-3.6,-9.9,-6.3,-6.2,76.8,0,0,0,snow,0.3,23.5,51.8,18.4,144.2,1011.9,93.9,42.7,233.5,20.1,7,10,2022-05-18T03:14:14,2022-05-18T21:49:16,0.54,Overcast,Cloudy skies throughout the day.,snow,"71909099999,71321099999,CYFB,CXFB"
iqaluit,5/19/2022,1,-3,-1.3,-1.6,-5.5,-3.1,-4.2,80.9,1,100,12.5,"rain,snow",0.5,21,52.6,23.1,182.1,1009.5,100,30.8,205.5,17.8,6,10,2022-05-19T03:11:14,2022-05-19T21:52:22,0.58,"Snow, Rain, Overcast",Cloudy skies throughout the day with late afternoon rain or snow.,snow,"71909099999,71321099999,CYFB,CXFB"
iqaluit,5/20/2022,-0.9,-2.9,-1.7,-1.3,-7.1,-4.4,-2.8,92,3.6,100,41.67,"rain,snow",0.8,17.2,32.4,22.3,141.4,1010.2,98.5,12.4,263.9,22.9,7,10,2022-05-20T03:08:15,2022-05-20T21:55:27,0.63,"Snow, Rain, Overcast",Cloudy skies throughout the day with a chance of rain or snow throughout the day.,snow,"71909099999,71321099999,CYFB,CXFB"
iqaluit,5/21/2022,1,-2.9,-0.6,-4.4,-9.9,-6.8,-2.6,86.6,3.8,100,8.33,"rain,snow",0,13.3,88,66.8,102.8,991,100,20.7,144.5,12.4,4,10,2022-05-21T03:05:18,2022-05-21T21:58:31,0.68,"Snow, Rain, Overcast",Cloudy skies throughout the day with rain or snow.,rain,"71909099999,71321099999,CYFB,CXFB"
iqaluit,5/22/2022,0.9,-5.9,-2.2,-0.1,-14.7,-9.1,-4.5,84.4,0.3,100,4.17,snow,0,11.6,57.4,45.4,323,988.8,100,29.6,311.6,26.9,7,10,2022-05-22T03:02:24,2022-05-22T22:01:34,0.74,"Snow, Overcast",Cloudy skies throughout the day with afternoon snow.,rain,"71909099999,71321099999,CYFB,CXFB"
iqaluit,5/23/2022,-6.1,-12.1,-7.9,-10.4,-20.1,-15.1,-12.2,71.7,0,0,0,,0.1,13.4,43.4,32.4,314.6,1010.3,90.3,39.5,337.5,29.2,8,10,2022-05-23T02:59:32,2022-05-23T22:04:35,0.79,Overcast,Cloudy skies throughout the day.,snow,"71909099999,71321099999,CYFB,CXFB"
iqaluit,5/24/2022,1,-7.1,-4.8,-4.4,-13.6,-10.4,-7.3,83.2,0.6,100,8.33,snow,3.3,15.4,48.2,39.5,140,1008.8,100,19.4,212.2,18.3,6,10,2022-05-24T02:56:42,2022-05-24T22:07:34,0.85,"Snow, Overcast",Cloudy skies throughout the day with snow.,snow,"71909099999,71321099999,CYFB,CXFB"
iqaluit,5/25/2022,2,-13,-5,-1.4,-21.2,-13.4,-7.4,83.3,0,0,0,snow,0.7,18.9,78.8,62.6,322.7,1001.3,86.5,31.7,286.6,24.8,7,10,2022-05-25T02:53:55,2022-05-25T22:10:32,0.89,Partially cloudy,Partly cloudy throughout the day.,snow,"71909099999,71321099999,CYFB,CXFB"
iqaluit,5/26/2022,-5,-15.5,-9.2,-6,-22.7,-13.6,-13.1,73.6,0,0,0,,0,19.4,11.2,19.7,177.5,1018.1,61.8,48,359.3,31.3,8,10,2022-05-26T02:51:11,2022-05-26T22:13:28,0.93,Partially cloudy,Partly cloudy throughout the day.,partly-cloudy-day,"71909099999,71321099999,CYFB,CXFB"
iqaluit,5/27/2022,-0.9,-8.9,-3.8,-3.8,-13.8,-7.8,-7.3,77.4,0.3,100,4.17,snow,0,18.7,37.1,14.9,162.5,1019.1,92.9,39.2,290.7,25.2,8,10,2022-05-27T02:48:30,2022-05-27T22:16:21,0.96,"Snow, Overcast",Cloudy skies throughout the day with morning snow.,snow,"71909099999,71321099999,CYFB,CXFB"
iqaluit,5/28/2022,-0.1,-5,-2.1,-5.7,-9.3,-7.6,-4.5,83.4,0,0,0,,0,17.1,35.3,26.7,147.1,1018.4,64.8,48,345,29.8,8,10,2022-05-28T02:45:52,2022-05-28T22:19:12,0.99,Partially cloudy,Partly cloudy throughout the day.,partly-cloudy-day,"71909099999,71321099999,CYFB,CXFB"
iqaluit,5/29/2022,0.9,-2.1,-0.1,0.4,-7.2,-4.4,-2.6,83.7,0,0,0,,0,13.9,33.5,24.9,146,1023.3,95,42.4,252.5,21.9,7,10,2022-05-29T02:43:18,2022-05-29T22:22:00,1,Overcast,Cloudy skies throughout the day.,cloudy,"71909099999,71321099999,CYFB,CXFB"
iqaluit,5/30/2022,4,-2,1.6,3,-5.8,-2.4,-1.7,79.4,0,0,0,,0,9.9,33.5,31.7,329.9,1033.7,55.6,48,336.2,29,8,10,2022-05-30T02:40:47,2022-05-30T22:24:45,0,Partially cloudy,Partly cloudy throughout the day.,partly-cloudy-day,"71909099999,71321099999,CYFB,CXFB"
iqaluit,5/31/2022,3.9,-3.1,0.5,2.9,-5.2,-0.2,-1.9,84.4,0,0,0,,0,7.9,7.9,7.6,152.6,1035.7,57.2,48,314,27.1,8,10,2022-05-31T02:38:20,2022-05-31T22:27:27,0,Partially cloudy,Partly cloudy throughout the day.,partly-cloudy-day,"71909099999,71321099999,CYFB,CXFB"
iqaluit,6/1/2022,3.5,-2,1.6,3.5,-2,0.8,-3.3,71.5,0,0,0,,0,4.1,6.8,8.5,171.2,1032.7,59.1,48,299.5,25.9,7,10,2022-06-01T02:35:57,2022-06-01T22:30:05,0.02,Partially cloudy,Partly cloudy throughout the day.,partly-cloudy-day,"71909099999,71321099999,CYFB,CXFB"
iqaluit,6/2/2022,5.9,-1.1,2.8,4.6,-2.8,1.9,-2.8,67.3,0,0,0,,0,1.4,9,9.4,162.8,1028.9,46.7,47.8,324.1,28.1,8,10,2022-06-02T02:33:39,2022-06-02T22:32:39,0.04,Partially cloudy,Partly cloudy throughout the day.,partly-cloudy-day,"71909099999,71321099999,CYFB,CXFB"
iqaluit,6/3/2022,8,0,4.2,8,-1.8,3.6,-2,65,0,0,0,,0,0.1,6.5,7.6,216.2,1027.3,30.8,48,345.2,29.8,8,10,2022-06-03T02:31:26,2022-06-03T22:35:09,0.07,Partially cloudy,Partly cloudy throughout the day.,partly-cloudy-day,"71909099999,71321099999,CYFB,CXFB"
iqaluit,6/4/2022,11,1.5,6.3,11,-0.4,5.9,-0.5,62.9,0,0,0,,0,0,12.2,8.5,119.5,1026.8,30.7,48,334.5,28.8,8,10,2022-06-04T02:29:17,2022-06-04T22:37:34,0.11,Partially cloudy,Partly cloudy throughout the day.,partly-cloudy-day,"71909099999,71321099999,CYFB,CXFB"
iqaluit,6/5/2022,14.5,2.1,7.9,14.5,-0.3,7.4,0.6,61.9,0,0,0,,0,0,28.4,25.1,316.7,1026.1,23.7,48,350.6,30.4,8,10,2022-06-05T02:27:14,2022-06-05T22:39:54,0.14,Partially cloudy,Partly cloudy throughout the day.,partly-cloudy-day,"71909099999,71321099999,CYFB,CXFB"
iqaluit,6/6/2022,10.1,1.9,6.4,10.1,-3.1,2.6,0.8,68.2,0,0,0,,0,0,37.1,30.3,326.2,1025.1,35.8,48,327.2,28.2,7,10,2022-06-06T02:25:17,2022-06-06T22:42:09,0.19,Partially cloudy,Becoming cloudy in the afternoon.,partly-cloudy-day,"71909099999,71321099999,CYFB,CXFB"
iqaluit,6/7/2022,13,1.4,7.7,13,-3.8,5.1,1.8,67.8,0,0,0,,0,0,38.9,31.6,325.8,1021.6,53.4,48,326.3,28.2,8,10,2022-06-07T02:23:26,2022-06-07T22:44:18,0.24,Partially cloudy,Partly cloudy throughout the day.,partly-cloudy-day,"71909099999,71321099999,CYFB,CXFB"
iqaluit,6/8/2022,9.9,1.4,6.1,9.3,1.2,5.5,0.3,67.9,0,0,0,,0,0,15.5,8.5,134.9,1015.7,49.5,48,334.3,29,8,10,2022-06-08T02:21:41,2022-06-08T22:46:20,0.29,Partially cloudy,Partly cloudy throughout the day.,partly-cloudy-day,"71909099999,71321099999,CYFB,CXFB"
iqaluit,6/9/2022,12.9,3.9,8.3,12.9,1.6,7.3,1.6,63.5,0,0,0,,0,0,36.2,27.5,321.6,1012.8,84.8,48,284,24.7,7,10,2022-06-09T02:20:02,2022-06-09T22:48:16,0.35,Partially cloudy,Partly cloudy throughout the day.,partly-cloudy-day,"71909099999,71321099999,CYFB,CXFB"
iqaluit,6/10/2022,12.9,2,7,12.9,-2.7,4.8,1.5,70.1,0,0,0,rain,0,0,35.3,26.4,318.9,1013.8,48.6,48,306.4,26.4,8,10,2022-06-10T02:18:31,2022-06-10T22:50:06,0.39,Partially cloudy,Clearing in the afternoon.,partly-cloudy-day,"71909099999,71321099999,CYFB,CXFB"
iqaluit,6/11/2022,10.5,3,7.1,10.5,-1.6,4,0.5,63.7,0,0,0,,0,0,38.9,27.7,325.3,1010.3,70.1,48,250,21.7,7,10,2022-06-11T02:17:07,2022-06-11T22:51:47,0.44,Partially cloudy,Partly cloudy throughout the day.,partly-cloudy-day,"71909099999,71321099999,CYFB,CXFB"
iqaluit,6/12/2022,8.9,2.9,4.9,5.4,-2.3,0.8,-0.5,69.1,0,0,0,,0,0,35.3,28.5,329.6,1012.7,73.6,48,314,27.1,8,10,2022-06-12T02:15:52,2022-06-12T22:53:21,0.47,Partially cloudy,Partly cloudy throughout the day.,partly-cloudy-day,"71909099999,71321099999,CYFB,CXFB"
iqaluit,6/13/2022,7.4,1,4,5.9,-2.4,1.7,1.1,81.6,1.5,100,12.5,"rain,snow",0,0,19.4,16.6,290,1016.3,88.8,43.3,170.8,14.8,6,10,2022-06-13T02:14:44,2022-06-13T22:54:47,0.49,"Snow, Rain, Partially cloudy",Partly cloudy throughout the day with rain or snow.,rain,"71909099999,71321099999,CYFB,CXFB"
iqaluit,6/14/2022,8.5,2.9,5.8,7.1,2.7,4.9,2.7,80.8,0.5,100,12.5,rain,0,0,24.1,11.2,143.9,1015.2,84.3,48,264.5,22.7,7,10,2022-06-14T02:13:44,2022-06-14T22:56:04,0.5,"Rain, Partially cloudy",Partly cloudy throughout the day with rain clearing later.,rain,"71909099999,71321099999,CYFB,CXFB"
iqaluit,6/15/2022,11.9,4,6.9,11.9,1.9,5.9,3.9,81.2,0,0,0,rain,0,0,40,27.7,317.5,1008.2,91.5,46,175.8,15.3,6,10,2022-06-15T02:12:54,2022-06-15T22:57:13,0.51,Overcast,Cloudy skies throughout the day.,cloudy,"71909099999,71321099999,CYFB,CXFB"
iqaluit,6/16/2022,6,1.9,4.3,1.5,-2.8,-0.5,-0.8,71.2,0.4,100,8.33,"rain,snow",0,0,50,37.9,327.6,1002.9,83.6,48,337.5,29.1,8,10,2022-06-16T02:12:12,2022-06-16T22:58:12,0.53,"Snow, Rain, Partially cloudy",Partly cloudy throughout the day with morning rain or snow.,rain,"71909099999,71321099999,CYFB,CXFB"
iqaluit,6/17/2022,7,1,3.3,2.4,-4.7,-1.4,-2.3,67.6,0,0,0,,0,0,47.3,34.3,325,1000.2,93,46.3,275.1,23.8,6,10,2022-06-17T02:11:40,2022-06-17T22:59:02,0.57,Overcast,Cloudy skies throughout the day.,cloudy,"71909099999,71321099999,CYFB,CXFB"
iqaluit,6/18/2022,11.1,2.4,6.4,11.1,-2.3,3.2,-0.6,62.3,0,0,0,,0,0,37.1,25.7,327.2,1012.1,68.6,48,357.5,30.8,8,10,2022-06-18T02:11:18,2022-06-18T22:59:42,0.62,Partially cloudy,Partly cloudy throughout the day.,partly-cloudy-day,"71909099999,71321099999,CYFB,CXFB"
iqaluit,6/19/2022,14,3.4,9.2,14,-0.7,7.5,0.3,55.3,0,0,0,,0,0,42.5,30.3,324.3,1018,81.7,48,302,26.2,7,10,2022-06-19T02:11:05,2022-06-19T23:00:13,0.67,Partially cloudy,Partly cloudy throughout the day.,partly-cloudy-day,"71909099999,71321099999,CYFB,CXFB"
iqaluit,6/20/2022,13.9,2.9,9.2,13.9,-0.9,7.6,0.5,56.9,0,0,0,,0,0,37.7,26.6,324.7,1019.2,26.9,48,358.3,31,8,10,2022-06-20T02:11:02,2022-06-20T23:00:34,0.72,Partially cloudy,Partly cloudy throughout the day.,partly-cloudy-day,"71909099999,71321099999,CYFB,CXFB"
iqaluit,6/21/2022,12,3.4,8.4,12,3.2,7.3,1.9,64.9,0,0,0,,0,0,20.2,16.7,174.6,1019.9,20.2,48,358.5,31,8,10,2022-06-21T02:11:09,2022-06-21T23:00:44,0.77,Partially cloudy,Partly cloudy throughout the day.,partly-cloudy-day,"71909099999,71321099999,CYFB,CXFB"
iqaluit,6/22/2022,8.4,1.5,5.4,7.1,-0.7,4.1,0.2,69.8,0,0,0,,0,0,27,13.9,151.3,1016,32.2,48,333.4,28.7,7,10,2022-06-22T02:11:25,2022-06-22T23:00:45,0.82,Partially cloudy,Becoming cloudy in the afternoon.,partly-cloudy-day,"71909099999,71321099999,CYFB,CXFB"
iqaluit,6/23/2022,8.1,2.9,5.5,6.9,0.3,4.1,1,73.2,0,0,0,rain,0,0,36,12,141.8,1007.2,88.3,45,175.2,15.1,5,10,2022-06-23T02:11:52,2022-06-23T23:00:36,0.87,Partially cloudy,Partly cloudy throughout the day.,partly-cloudy-day,"71909099999,71321099999,CYFB,CXFB"
iqaluit,6/24/2022,4.1,2,3.1,4.1,-1.5,1,2.7,97.1,13.1,100,33.33,rain,0,0,29.9,20.1,142.3,1004.8,99.5,24.1,54.5,5,2,10,2022-06-24T02:12:28,2022-06-24T23:00:17,0.91,"Rain, Overcast",Cloudy skies throughout the day with rain.,rain,"71909099999,71321099999,CYFB,CXFB"
iqaluit,6/25/2022,8.9,3,6.8,5.3,1.9,3.6,5.4,90.8,0.7,100,8.33,rain,0,0,54.7,41.5,322.5,1000.6,100,32.4,25.6,2,1,10,2022-06-25T02:13:14,2022-06-25T22:59:48,0.95,"Rain, Overcast",Cloudy skies throughout the day with early morning rain.,rain,"71909099999,71321099999,CYFB,CXFB"
iqaluit,6/26/2022,11.9,4.4,8.3,11.9,-1.4,5.2,1.9,65.7,0,0,0,rain,0,0,58.6,45.1,321.1,1004.3,83.7,48,237,20.4,6,10,2022-06-26T02:14:09,2022-06-26T22:59:10,0.97,Partially cloudy,Partly cloudy throughout the day.,partly-cloudy-day,"71909099999,71321099999,CYFB,CXFB"
iqaluit,6/27/2022,15,3.4,9.2,15,0.3,7.7,1.6,61.5,0,0,0,,0,0,37.1,31.7,317.3,1007.8,54,48,336.5,29.1,8,10,2022-06-27T02:15:14,2022-06-27T22:58:23,0.99,Partially cloudy,Becoming cloudy in the afternoon.,partly-cloudy-day,"71909099999,71321099999,CYFB,CXFB"
iqaluit,6/28/2022,10.9,3.1,8,10.9,2.7,5.9,0.5,59.8,0,0,0,,0,0,42.5,29,50,1005.3,88.4,48,214.1,18.3,5,10,2022-06-28T02:16:27,2022-06-28T22:57:27,1,Partially cloudy,Partly cloudy throughout the day.,partly-cloudy-day,"71909099999,71321099999,CYFB,CXFB"
iqaluit,6/29/2022,15,5.9,10.2,15,3.9,9.3,2,58.4,0,0,0,,0,0,28.8,24.3,272.1,1008.2,54,48,324.3,27.9,8,10,2022-06-29T02:17:49,2022-06-29T22:56:22,0,Partially cloudy,Partly cloudy throughout the day.,partly-cloudy-day,"71909099999,71321099999,CYFB,CXFB"
iqaluit,6/30/2022,9.9,5.1,7.3,8.7,3.1,6,3.9,79.4,0.5,100,8.33,rain,0,0,24.8,14.6,145.6,1010,95.5,44,156.6,13.7,4,10,2022-06-30T02:19:19,2022-06-30T22:55:09,0.01,"Rain, Overcast",Cloudy skies throughout the day with late afternoon rain.,rain,"71909099999,71321099999,CYFB,CXFB"
iqaluit,7/1/2022,11,4,6.4,11,0.1,4.6,3.2,80.7,0,0,0,rain,0,0,41.6,30.5,131.7,1010.1,45.1,48,287.1,24.7,6,10,2022-07-01T02:20:57,2022-07-01T22:53:48,0.03,Partially cloudy,Partly cloudy throughout the day.,partly-cloudy-day,"71909099999,71321099999,CYFB,CXFB"
iqaluit,7/2/2022,7,1,4.5,6.9,-4.1,2.8,2.2,85.5,0,0,0,rain,0,0,23.8,21.3,157.1,1011.9,92,33.9,179.3,15.6,6,10,2022-07-02T02:22:42,2022-07-02T22:52:19,0.05,Overcast,Cloudy skies throughout the day.,cloudy,"71909099999,71321099999,CYFB,CXFB"
iqaluit,7/3/2022,10.9,5,8.9,10.9,4.6,7,2.6,65.4,0.3,100,8.33,rain,0,0,49.1,37.1,78.9,1008,95,47,34.6,2.9,1,10,2022-07-03T02:24:34,2022-07-03T22:50:43,0.08,"Rain, Overcast",Cloudy skies throughout the day with late afternoon rain.,rain,"71909099999,71321099999,CYFB,CXFB"
iqaluit,7/4/2022,12.1,7.4,9.8,12.1,5.7,8.9,3.5,65.4,0.1,100,4.17,rain,0,0,31.5,20.5,43.1,1003.8,100,45.3,26.3,2.3,1,10,2022-07-04T02:26:33,2022-07-04T22:49:01,0.12,"Rain, Overcast",Cloudy skies throughout the day with morning rain.,rain,"71909099999,71321099999,CYFB,CXFB"
iqaluit,7/5/2022,9,5.1,7.7,8,5.1,6.6,4.3,79.7,0.6,100,12.5,rain,0,0,34.2,23.1,87.7,1006.3,100,41,98.3,8.4,4,10,2022-07-05T02:28:38,2022-07-05T22:47:12,0.17,"Rain, Overcast",Cloudy skies throughout the day with rain.,rain,"71909099999,71321099999,CYFB,CXFB"
iqaluit,7/6/2022,7,3,4.9,7,-0.4,3.2,4,93.5,1.7,100,16.67,rain,0,0,25.2,20.5,160.7,1010.1,99.1,13.3,156.5,13.6,5,10,2022-07-06T02:30:49,2022-07-06T22:45:16,0.22,"Rain, Overcast",Cloudy skies throughout the day with early morning rain.,rain,"71909099999,71321099999,remote,CYFB,CXFB"
iqaluit,7/7/2022,6.5,2.4,4.4,4.6,0.5,2.8,2.6,88.6,0,0,0,rain,0,0,6.8,12.8,152.5,1013.8,86.6,26.3,198.8,17,6,10,2022-07-07T02:33:06,2022-07-07T22:43:15,0.27,Partially cloudy,Partly cloudy throughout the day.,partly-cloudy-day,"71909099999,71321099999,CYFB,CXFB"
iqaluit,7/8/2022,7,4,5.2,4.6,1.3,2.9,2.8,84.9,0,0,0,rain,0,0,16.9,18.4,148.9,1013.9,63.1,48,223.2,19.1,6,10,2022-07-08T02:35:27,2022-07-08T22:41:09,0.33,Partially cloudy,Partly cloudy throughout the day.,partly-cloudy-day,"71909099999,71321099999,CYFB,CXFB"
iqaluit,7/9/2022,6,3,4.3,5,0.2,2.1,2.2,85.9,0,0,0,rain,0,0,22.7,18.4,146.9,1012.8,52,46.7,247,21.4,6,10,2022-07-09T02:37:53,2022-07-09T22:38:57,0.38,Partially cloudy,Partly cloudy throughout the day.,partly-cloudy-day,"71909099999,71321099999,CYFB,CXFB"
iqaluit,7/10/2022,11.9,2,6.2,11.9,-1,5.1,3.2,81.9,0,0,0,rain,0,0,13.3,13,151.3,1011.9,67.3,31.3,221,19,5,10,2022-07-10T02:40:24,2022-07-10T22:36:40,0.42,Partially cloudy,Clearing in the afternoon.,partly-cloudy-day,"71909099999,71321099999,CYFB,CXFB"
iqaluit,7/11/2022,18,3.9,9.6,18,2.2,9,4.2,70.8,0,0,0,rain,0,0,35.3,25.9,158.3,1008.3,69.3,48,267,23,6,10,2022-07-11T02:42:58,2022-07-11T22:34:19,0.46,Partially cloudy,Partly cloudy throughout the day.,partly-cloudy-day,"71909099999,71321099999,CYFB,CXFB"
iqaluit,7/12/2022,14.4,6.4,10.2,14.4,6.4,10.1,7.3,82.4,0.3,100,4.17,rain,0,0,21.6,8.5,220.3,1008.6,96,43.3,103.1,8.9,4,10,2022-07-12T02:45:36,2022-07-12T22:31:54,0.49,"Rain, Overcast",Cloudy skies throughout the day with afternoon rain.,rain,"71909099999,71321099999,CYFB,CXFB"
iqaluit,7/13/2022,12,5,7.3,12,2.3,5.5,4.7,83.7,0,0,0,,0,0,22,17,145,1011.7,93,43.7,221.2,19.1,6,10,2022-07-13T02:48:17,2022-07-13T22:29:24,0.5,Overcast,Cloudy skies throughout the day.,cloudy,"71909099999,71321099999,CYFB,CXFB"
iqaluit,7/14/2022,10.9,4,7.3,10.9,2.4,6.2,3.8,78.8,0,0,0,rain,0,0,16.9,15.6,157.4,1012.4,69,47,196,17.1,5,10,2022-07-14T02:51:02,2022-07-14T22:26:51,0.51,Partially cloudy,Partly cloudy throughout the day.,partly-cloudy-day,"71909099999,71321099999,CYFB,CXFB"
iqaluit,7/15/2022,21.9,4.1,13.9,21.9,3,13.7,6.1,63.1,0,0,0,,0,0,58,43.6,320.1,1008,46.6,46,305,26.4,7,10,2022-07-15T02:53:49,2022-07-15T22:24:14,0.53,Partially cloudy,Partly cloudy throughout the day.,partly-cloudy-day,"71909099999,71321099999,CYFB,CXFB"
iqaluit,7/16/2022,18.4,10.9,14.3,18.4,10.9,14.3,7.6,65.5,0,0,0,,0,0,46.3,34.3,324.9,1003.4,88.5,46,239.7,20.7,6,10,2022-07-16T02:56:39,2022-07-16T22:21:34,0.55,Partially cloudy,Partly cloudy throughout the day.,partly-cloudy-day,"71909099999,71321099999,CYFB,CXFB"
iqaluit,7/17/2022,12.4,4.1,7.9,12.4,2.8,7.1,6,88,5.5,100,16.67,rain,0,0,31,13.8,185.5,1002.2,94,40.2,146.3,12.5,4,10,2022-07-17T02:59:31,2022-07-17T22:18:51,0.6,"Rain, Overcast",Cloudy skies throughout the day with rain.,rain,"71909099999,71321099999,CYFB,CXFB"
iqaluit,7/18/2022,8.4,4,5.6,5.9,0,3.7,3.7,87.6,0.6,100,8.33,rain,0,0,37.1,24.6,150.3,1003.5,92,43.3,189.8,16.3,7,10,2022-07-18T03:02:25,2022-07-18T22:16:05,0.65,"Rain, Overcast",Cloudy skies throughout the day with rain in the morning and afternoon.,rain,"71909099999,71321099999,CYFB,CXFB"
iqaluit,7/19/2022,6.9,2.9,4.3,5,-1,2,3.3,93.4,2.8,100,25,rain,0,0,30.6,21.8,145.4,1003.2,96,29.8,74.4,6.3,2,10,2022-07-19T03:05:20,2022-07-19T22:13:16,0.7,"Rain, Overcast",Cloudy skies throughout the day with rain.,rain,"71909099999,71321099999,CYFB,CXFB"
iqaluit,7/20/2022,13,3.9,7.7,13,0.9,6.6,6.1,89.6,0.1,100,4.17,rain,0,0,18.7,15.6,192.7,1000.4,94,36,80.8,7,3,10,2022-07-20T03:08:18,2022-07-20T22:10:25,0.75,"Rain, Overcast",Cloudy skies throughout the day with early morning rain.,rain,"71909099999,71321099999,CYFB,CXFB"
iqaluit,7/21/2022,12,4,6.2,12,1,4.9,5.2,93.3,3,100,4.17,rain,0,0,19.4,17,144.7,1006.6,84.6,23.8,175.1,15.4,6,10,2022-07-21T03:11:17,2022-07-21T22:07:31,0.8,"Rain, Partially cloudy",Partly cloudy throughout the day with morning rain.,rain,"71909099999,71321099999,CYFB,CXFB"
iqaluit,7/22/2022,12.4,3.3,7.6,12.4,2,7.1,5.4,86.9,0,0,0,rain,0,0,16.6,13,153.8,1015.2,66.1,42.4,220.9,19,6,10,2022-07-22T03:14:17,2022-07-22T22:04:35,0.85,Partially cloudy,Partly cloudy throughout the day.,partly-cloudy-day,"71909099999,71321099999,CYFB,CXFB"
iqaluit,7/23/2022,8.9,4.9,7.4,8.9,4.9,6.6,6.1,91.9,0,0,0,rain,0,0,18.4,10.2,147.7,1015.8,93.5,35.5,191.3,16.5,5,10,2022-07-23T03:17:18,2022-07-23T22:01:37,0.89,Overcast,Cloudy skies throughout the day.,cloudy,"71909099999,71321099999,CYFB,CXFB"
iqaluit,7/24/2022,9.9,6.9,8.3,8.5,5.8,7.3,6.7,90.3,0,0,0,rain,0,0,22.7,18.4,146.3,1013.5,84.8,44.3,204.5,17.9,6,10,2022-07-24T03:20:21,2022-07-24T21:58:37,0.93,Partially cloudy,Partly cloudy throughout the day.,partly-cloudy-day,"71909099999,71321099999,CYFB,CXFB"
iqaluit,7/25/2022,9.4,4.9,7,7.5,3.2,5.2,5.6,91.1,0,0,0,rain,0,0,11.9,19.5,150.8,1013.2,56.6,36.1,230.6,19.9,6,10,2022-07-25T03:23:24,2022-07-25T21:55:35,0.96,Partially cloudy,Partly cloudy throughout the day.,partly-cloudy-day,"71909099999,71321099999,CYFB,CXFB"
iqaluit,7/26/2022,11.4,4.9,8.3,11.4,2.8,7.7,5.5,83.3,0,0,0,rain,0,0,13,13.8,153.9,1013.5,25.8,45,219.3,18.8,5,10,2022-07-26T03:26:27,2022-07-26T21:52:31,0.98,Partially cloudy,Partly cloudy throughout the day.,partly-cloudy-day,"71909099999,71321099999,CYFB,CXFB"
iqaluit,7/27/2022,14.9,5.4,10.6,14.9,3.3,10.3,4.3,66.4,0,0,0,rain,0,0,13.3,11.2,160,1013.4,45.7,44.3,226.5,19.5,6,10,2022-07-27T03:29:32,2022-07-27T21:49:26,1,Partially cloudy,Becoming cloudy in the afternoon.,partly-cloudy-day,"71909099999,71321099999,CYFB,CXFB"
iqaluit,7/28/2022,14.1,6.9,10.7,14.1,5.8,10.5,5.2,69.7,0,0,0,,0,0,25.9,15.7,151,1006.4,91.5,45,226.2,19.4,7,10,2022-07-28T03:32:36,2022-07-28T21:46:19,1,Overcast,Cloudy skies throughout the day.,cloudy,"71909099999,71321099999,CYFB,CXFB"
iqaluit,7/29/2022,13.4,7,10.2,13.4,5.9,9.9,5.3,71.6,0,0,0,,0,0,22,12,161.1,1001.2,95,44,154.7,13.2,5,10,2022-07-29T03:35:41,2022-07-29T21:43:10,0,Overcast,Cloudy skies throughout the day.,cloudy,"71909099999,71321099999,CYFB,CXFB"
iqaluit,7/30/2022,9,4.1,6.4,7.4,1.3,4.2,5.1,91.2,6.8,100,25,rain,0,0,45,30.5,157.4,994.9,96.7,22.8,41.3,3.4,2,10,2022-07-30T03:38:47,2022-07-30T21:40:00,0.01,"Rain, Overcast",Cloudy skies throughout the day with rain in the morning and afternoon.,rain,"71909099999,71321099999,remote,CYFB,CXFB"
iqaluit,7/31/2022,12.6,4,8.4,12.6,3.3,7.4,5.5,82.7,0,0,0,rain,0,0,25.6,18.4,146.5,997.8,89.1,42.3,103.3,9,4,10,2022-07-31T03:41:52,2022-07-31T21:36:49,0.04,Partially cloudy,Partly cloudy throughout the day.,partly-cloudy-day,"71909099999,71321099999,CYFB,CXFB"
iqaluit,8/1/2022,12,7,9.5,12,6.2,9.3,7,84.8,0,0,0,,0,0,15.5,10.3,158.2,1004.5,83.2,40.8,182.5,15.8,5,10,2022-08-01T03:44:58,2022-08-01T21:33:36,0.07,Partially cloudy,Partly cloudy throughout the day.,partly-cloudy-day,"71909099999,71321099999,CYFB,CXFB"
iqaluit,8/2/2022,10.5,4.9,7.6,10.5,3.2,6.5,4.6,82.4,0.1,100,4.17,rain,0,0,27.4,17.2,142.8,1008.8,84.2,42.4,198.2,17.2,6,10,2022-08-02T03:48:03,2022-08-02T21:30:23,0.1,"Rain, Partially cloudy",Partly cloudy throughout the day with morning rain.,rain,"71909099999,71321099999,CYFB,CXFB"
iqaluit,8/3/2022,13.1,4,8.8,13.1,2.7,8,4.5,75.7,0,0,0,,0,0,38.9,29,160.7,1005,72.2,43,255.3,22.1,7,10,2022-08-03T03:51:09,2022-08-03T21:27:08,0.14,Partially cloudy,Partly cloudy throughout the day.,partly-cloudy-day,"71909099999,71321099999,CYFB,CXFB"
iqaluit,8/4/2022,8,4.9,6.2,6.8,2.4,4.6,3.7,84.7,1.4,100,12.5,rain,0,0,43.6,17.5,150.2,999.6,87.8,36.9,123.5,10.9,4,10,2022-08-04T03:54:14,2022-08-04T21:23:52,0.2,"Rain, Partially cloudy",Partly cloudy throughout the day with late afternoon rain.,rain,"71909099999,71321099999,CYFB,CXFB"
iqaluit,8/5/2022,7.9,3,5,7.1,-1,2.8,3.4,89.6,1.3,100,25,rain,0,0,23,19.2,149.6,1001.2,95.5,32.5,78.1,6.8,3,10,2022-08-05T03:57:19,2022-08-05T21:20:36,0.25,"Rain, Overcast",Cloudy skies throughout the day with rain.,rain,"71909099999,71321099999,CYFB,CXFB"
iqaluit,8/6/2022,15,5,10.4,15,3.6,10.2,5.7,75.2,0.8,100,16.67,rain,0,0,36.2,26.6,14.2,1002.2,80.2,36.7,173.7,15,6,10,2022-08-06T04:00:24,2022-08-06T21:17:18,0.31,"Rain, Partially cloudy",Partly cloudy throughout the day with early morning rain.,rain,"71909099999,71321099999,CYFB,CXFB"
iqaluit,8/7/2022,10.6,4.9,7,10.6,1.9,6,4.4,83.6,0,0,0,rain,0,0,20.5,18.3,149.1,1003.1,85.8,39.3,166.3,14.5,5,10,2022-08-07T04:03:29,2022-08-07T21:14:00,0.36,Partially cloudy,Partly cloudy throughout the day.,partly-cloudy-day,"71909099999,71321099999,CYFB,CXFB"
iqaluit,8/8/2022,11.5,3.9,8,11.5,2,7.5,4.4,78.7,0,0,0,,0,0,28.4,10.2,156.8,1004.2,62.9,43,264.4,22.9,7,10,2022-08-08T04:06:34,2022-08-08T21:10:40,0.41,Partially cloudy,Partly cloudy throughout the day.,partly-cloudy-day,"71909099999,71321099999,CYFB,CXFB"
iqaluit,8/9/2022,12.3,6.5,9.8,12.3,5.4,9.4,5,72.1,0,0,0,,0,0,14,13,186.1,1005,57.2,43,206,17.8,6,10,2022-08-09T04:09:38,2022-08-09T21:07:20,0.45,Partially cloudy,Partly cloudy throughout the day.,partly-cloudy-day,"71909099999,71321099999,CYFB,CXFB"
iqaluit,8/10/2022,15.4,6.6,10.9,15.4,4.1,10.2,5.2,69.1,0,0,0,,0,0,32.4,23.4,318.7,1006.7,29.1,40,265.1,23.1,7,10,2022-08-10T04:12:41,2022-08-10T21:03:59,0.48,Partially cloudy,Partly cloudy throughout the day.,partly-cloudy-day,"71909099999,71321099999,remote,CYFB,CXFB"
iqaluit,8/11/2022,13.1,4,8.9,13.1,2.5,8.5,4.3,73.9,0,0,0,rain,0,0,20.9,15.9,146.6,1011.9,52.7,43,201.2,17.2,5,10,2022-08-11T04:15:44,2022-08-11T21:00:38,0.5,Partially cloudy,Partly cloudy throughout the day.,partly-cloudy-day,"71909099999,71321099999,CYFB,CXFB"
iqaluit,8/12/2022,9.4,3.3,6.6,7.1,2,4.5,3,78.2,1.5,100,8.33,rain,0,0,41.4,24.3,142.2,1008.9,74.4,40,221.3,19.2,7,10,2022-08-12T04:18:47,2022-08-12T20:57:15,0.5,"Rain, Partially cloudy",Partly cloudy throughout the day with late afternoon rain.,rain,"71909099999,71321099999,CYFB,CXFB"
iqaluit,8/13/2022,12,4.9,8,12,0.8,6.3,5.6,85,4.4,100,29.17,rain,0,0,38.9,25.1,161.2,1002.7,93.2,36.4,78.5,6.7,3,10,2022-08-13T04:21:50,2022-08-13T20:53:53,0.52,"Rain, Overcast",Cloudy skies throughout the day with rain.,rain,"71909099999,71321099999,CYFB,CXFB"
iqaluit,8/14/2022,10,5.9,7.4,10,2.9,5.5,4.6,82.9,4,100,16.67,rain,0,0,40.1,25.9,234.1,1004,92.9,37.7,50.7,4.3,2,10,2022-08-14T04:24:51,2022-08-14T20:50:29,0.54,"Rain, Overcast",Cloudy skies throughout the day with a chance of rain throughout the day.,rain,"71909099999,71321099999,CYFB,CXFB"
iqaluit,8/15/2022,9.9,4.9,6.9,7.4,0.5,3.6,2.7,75.3,0,0,0,rain,0,0,42.5,29.3,318.7,1008.9,94.8,39.8,81.5,7,4,10,2022-08-15T04:27:53,2022-08-15T20:47:05,0.58,Overcast,Cloudy skies throughout the day.,cloudy,"71909099999,71321099999,CYFB,CXFB"
iqaluit,8/16/2022,9.9,3.9,7.4,8.1,0.9,5.3,3.7,78.3,2,100,16.67,rain,0,0,44.6,25.7,329.3,1008.9,83.2,39,213.5,18.5,7,10,2022-08-16T04:30:54,2022-08-16T20:43:41,0.62,"Rain, Partially cloudy",Partly cloudy throughout the day with rain.,rain,"71909099999,71321099999,CYFB,CXFB"
iqaluit,8/17/2022,6.9,3.9,5.3,6.9,2.3,4.3,4.6,95.5,10.8,100,33.33,rain,0,0,13,19.2,139.7,1012.3,99,20.5,47.6,4.4,2,10,2022-08-17T04:33:54,2022-08-17T20:40:16,0.67,"Rain, Overcast",Cloudy skies throughout the day with rain.,rain,"71909099999,71321099999,CYFB,CXFB"
iqaluit,8/18/2022,5.9,3,4.3,3.8,-1,1.2,4,97.9,5.4,100,37.5,rain,0,0,38.5,23.9,144.7,1013.3,100,12.8,14.8,1.1,1,10,2022-08-18T04:36:54,2022-08-18T20:36:50,0.72,"Rain, Overcast",Cloudy skies throughout the day with a chance of rain throughout the day.,rain,"71909099999,71321099999,CYFB,CXFB"
iqaluit,8/19/2022,12.1,3.9,7.5,12.1,3.1,7,3.8,79.7,0.7,100,8.33,rain,0,0,27.7,17.5,182.7,1012.9,91.5,32.4,118.2,10.2,5,10,2022-08-19T04:39:53,2022-08-19T20:33:24,0.77,"Rain, Overcast",Cloudy skies throughout the day with early morning rain.,rain,"71909099999,71321099999,CYFB,CXFB"
iqaluit,8/20/2022,7.9,4,6.1,7,2.7,4.6,4,86.5,0,0,0,rain,0,0,22.7,17.9,146.3,1012,93.5,42,142,12.4,5,10,2022-08-20T04:42:52,2022-08-20T20:29:58,0.82,Overcast,Cloudy skies throughout the day.,cloudy,"71909099999,71321099999,CYFB,CXFB"
iqaluit,8/21/2022,10.9,5.4,7.4,10.9,2.7,5.9,5.3,86.2,1.7,100,12.5,rain,0,0,41.8,29.1,132.9,1005.4,98.5,39.3,61.4,5.4,3,10,2022-08-21T04:45:50,2022-08-21T20:26:31,0.86,"Rain, Overcast",Cloudy skies throughout the day with late afternoon rain.,rain,"71909099999,71321099999,CYFB,CXFB"
iqaluit,8/22/2022,10.5,5.9,7.5,10.5,2.2,4.7,4.7,83.4,1.6,100,20.83,rain,0,0,47.3,36.9,323.2,998.2,96,35.8,73,6.1,3,10,2022-08-22T04:48:47,2022-08-22T20:23:04,0.9,"Rain, Overcast",Cloudy skies throughout the day with rain clearing later.,rain,"71909099999,71321099999,CYFB,CXFB"
iqaluit,8/23/2022,7.9,5,6.1,7.9,0.8,3.6,3,80.6,4.7,100,16.67,rain,0,0,49,23.9,152.2,999,94.5,33.8,21.9,1.8,1,10,2022-08-23T04:51:44,2022-08-23T20:19:37,0.94,"Rain, Overcast",Cloudy skies throughout the day with late afternoon rain.,rain,"71909099999,71321099999,CYFB,CXFB"
iqaluit,8/24/2022,9,3.9,6.6,6.5,0.2,3.4,4.6,87.7,6.4,100,33.33,rain,0,0,49.1,35.9,313.3,996.7,97.9,27.9,12.9,1.1,0,10,2022-08-24T04:54:41,2022-08-24T20:16:09,0.97,"Rain, Overcast",Cloudy skies throughout the day with rain.,rain,"71909099999,71321099999,CYFB,CXFB"
iqaluit,8/25/2022,6.9,3.9,5.1,5.2,0.4,2.9,2.8,85.8,0.9,100,12.5,rain,0,0,28.4,19.3,169.3,1004.7,94.4,38,47.8,4,2,10,2022-08-25T04:57:37,2022-08-25T20:12:41,0.99,"Rain, Overcast",Cloudy skies throughout the day with rain.,rain,"71909099999,71321099999,CYFB,CXFB"
iqaluit,8/26/2022,6.4,3.9,5.1,4.9,-0.6,1.4,3,86.7,1.3,100,20.83,rain,0,0,52.6,31.3,139.7,1004.3,99.5,39,30.9,2.5,1,10,2022-08-26T05:00:33,2022-08-26T20:09:13,1,"Rain, Overcast",Cloudy skies throughout the day with rain.,rain,"71909099999,71321099999,CYFB,CXFB"
iqaluit,8/27/2022,5.1,3,3.9,5.1,-1.3,1.4,3.1,94.9,4.9,100,37.5,rain,0,0,49.7,21.3,145.7,1002.7,96.5,22,72,6.2,2,10,2022-08-27T05:03:28,2022-08-27T20:05:44,0,"Rain, Overcast",Cloudy skies throughout the day with a chance of rain throughout the day.,rain,"71909099999,71321099999,CYFB,CXFB"
iqaluit,8/28/2022,10.9,3.9,7.3,10.9,2.1,5.9,2.6,73.3,0,0,0,,0,0,29.5,19.5,45.2,1009.5,76.5,40,185.8,16.2,5,10,2022-08-28T05:06:22,2022-08-28T20:02:16,0.01,Partially cloudy,Partly cloudy throughout the day.,partly-cloudy-day,"71909099999,71321099999,CYFB,CXFB"
iqaluit,8/29/2022,8,4.4,6.2,7.9,3.3,5.2,3.5,83.1,0,0,0,rain,0,0,22,14.8,141.1,1012.9,73.6,41,146,12.5,5,10,2022-08-29T05:09:16,2022-08-29T19:58:47,0.02,Partially cloudy,Partly cloudy throughout the day.,partly-cloudy-day,"71909099999,71321099999,CYFB,CXFB"
iqaluit,8/30/2022,11.1,2.6,6.6,11.1,-0.7,5.1,1.8,72.9,0,0,0,,0,0,21.6,21.3,337.5,1013.1,32.6,40,205.8,17.9,6,10,2022-08-30T05:12:10,2022-08-30T19:55:17,0.05,Partially cloudy,Partly cloudy throughout the day.,partly-cloudy-day,"71909099999,71321099999,CYFB,CXFB"
iqaluit,8/31/2022,9,2,5.2,4.7,-3.2,2.5,2.5,83.8,2.1,100,29.17,rain,0,0,68,42.5,123.3,1011.3,75.1,33.1,157.5,13.4,6,10,2022-08-31T05:15:03,2022-08-31T19:51:48,0.09,"Rain, Partially cloudy",Partly cloudy throughout the day with rain.,rain,"71909099999,71321099999,CYFB,CXFB"
iqaluit,9/1/2022,7,4,5.3,5,-2,1.4,4.6,95.4,14.8,100,75,rain,0,0,85,46.4,136.8,995.8,99,13.4,15.3,1.3,1,10,2022-09-01T05:17:55,2022-09-01T19:48:18,0.13,"Rain, Overcast",Cloudy skies throughout the day with a chance of rain throughout the day.,rain,"71909099999,CYFB"
iqaluit,9/2/2022,5,4,4.3,5,0,1.6,3.8,96.3,1.1,100,29.17,rain,0,0,38.2,18.4,148.2,999.8,95,23.1,36,3.1,2,10,2022-09-02T05:20:48,2022-09-02T19:44:48,0.18,"Rain, Overcast",Cloudy skies throughout the day with rain.,rain,"71909099999,CYFB"
iqaluit,9/3/2022,8,3,4.9,7,0.9,3.2,4.4,96.4,11.5,100,70.83,rain,0,0,23.4,20.5,295.2,1006.8,100,18.7,11.8,0.9,0,10,2022-09-03T05:23:40,2022-09-03T19:41:19,0.24,"Rain, Overcast",Cloudy skies throughout the day with a chance of rain throughout the day.,rain,"71909099999,CYFB"
iqaluit,9/4/2022,7,3,5.5,4.3,-1.7,0.7,2.8,83.6,4.2,100,37.5,"rain,snow",0,0,55.4,44.6,320.6,1006.9,83.7,38.5,57.5,4.9,3,10,2022-09-04T05:26:31,2022-09-04T19:37:49,0.29,"Snow, Rain, Partially cloudy",Partly cloudy throughout the day with a chance of rain or snow throughout the day.,rain,"71909099999,CYFB"
iqaluit,9/5/2022,7,2,4.1,5.6,-2.2,1.4,1.2,81.8,0.2,100,8.33,"rain,snow",0,0,31,25.9,316.6,1014.9,88.8,37.7,125.6,10.8,5,10,2022-09-05T05:29:22,2022-09-05T19:34:18,0.35,"Snow, Rain, Partially cloudy",Partly cloudy throughout the day with rain or snow.,rain,"71909099999,CYFB"
iqaluit,9/6/2022,7,4,5.4,5.6,1.8,3.7,3.1,85.6,0,0,0,,0,0,35.3,16.6,146.9,1018.3,94,39,144.8,12.5,5,10,2022-09-06T05:32:13,2022-09-06T19:30:48,0.4,Overcast,Cloudy skies throughout the day.,cloudy,"71909099999,CYFB"
iqaluit,9/7/2022,7,5,6.1,4.4,1,2.2,3.5,83.4,0,0,0,,0,0,68.4,37.1,147.4,1008,92,39,129,10.9,4,10,2022-09-07T05:35:03,2022-09-07T19:27:18,0.44,Overcast,Cloudy skies throughout the day.,cloudy,"71909099999,CYFB"
iqaluit,9/8/2022,11,4,6.6,11,1,4.3,4.3,85.5,0,0,0,,0,0,52.2,20.5,142.9,1007.6,79.2,34.3,150,13.1,5,10,2022-09-08T05:37:54,2022-09-08T19:23:47,0.47,Partially cloudy,Partly cloudy throughout the day.,partly-cloudy-day,"71909099999,CYFB"
iqaluit,9/9/2022,10,4,7.1,6.3,-1.7,3,5.1,87.7,2.1,100,8.33,rain,0,0,65.9,40.4,146.9,1008.8,84.6,33,83.3,7.2,3,10,2022-09-09T05:40:44,2022-09-09T19:20:17,0.49,"Rain, Partially cloudy",Partly cloudy throughout the day with late afternoon rain.,rain,"71909099999,71321099999,CYFB,CXFB"
iqaluit,9/10/2022,9.5,2.4,6.1,7.5,0,3.5,4.2,88.2,0.1,100,4.17,rain,0,0,47.2,25.9,141.4,1007.8,79.6,36.9,92.5,8.1,4,10,2022-09-10T05:43:33,2022-09-10T19:16:46,0.5,"Rain, Partially cloudy",Partly cloudy throughout the day with late afternoon rain.,rain,"71909099999,71321099999,CYFB,CXFB"
iqaluit,9/11/2022,9.1,5.3,7.2,6.8,1.3,4.7,4.2,81.6,0,0,0,rain,0,0,35.3,23.5,168.2,1006.1,94,37.8,14.1,1.2,0,10,2022-09-11T05:46:23,2022-09-11T19:13:16,0.51,Overcast,Cloudy skies throughout the day.,cloudy,"71909099999,71321099999,CYFB,CXFB"
iqaluit,9/12/2022,10,4.1,6.9,6.8,-0.5,3.7,4.2,83.4,0.9,100,12.5,rain,0,0,57.2,34.3,144.9,1003.8,93,37.3,99.9,8.6,5,10,2022-09-12T05:49:12,2022-09-12T19:09:45,0.53,"Rain, Overcast",Cloudy skies throughout the day with rain.,rain,"71909099999,71321099999,CYFB,CXFB"
iqaluit,9/13/2022,8.9,4,6.3,7.1,1.3,3.8,3.9,84.5,1.4,100,12.5,rain,0,0,44.3,24.1,156.8,999.5,91.5,35.8,18,1.6,1,10,2022-09-13T05:52:01,2022-09-13T19:06:14,0.56,"Rain, Overcast",Cloudy skies throughout the day with rain.,rain,"71909099999,71321099999,CYFB,CXFB"
iqaluit,9/14/2022,7.9,4,6.2,7.1,1.7,4.6,3,80.1,0.1,100,4.17,rain,0,0,23,17.4,203.2,1007.6,91.5,38.3,55.9,4.7,3,10,2022-09-14T05:54:50,2022-09-14T19:02:44,0.6,"Rain, Overcast",Cloudy skies throughout the day with late afternoon rain.,rain,"71909099999,71321099999,CYFB,CXFB"
iqaluit,9/15/2022,9.1,3.5,6.3,7.4,1.4,4.3,3,80.2,0,0,0,rain,0,0,11.5,19.3,333.4,1016.2,91.5,37,21.2,1.9,1,10,2022-09-15T05:57:39,2022-09-15T18:59:13,0.64,Overcast,Cloudy skies throughout the day.,cloudy,"71909099999,71321099999,CYFB,CXFB"
iqaluit,9/16/2022,9.4,3.1,5.8,9,-1.3,3.9,2,76.7,0,0,0,,0,0,15.8,19.5,355.5,1013.2,52,38,130.2,11.2,4,10,2022-09-16T06:00:27,2022-09-16T18:55:42,0.69,Partially cloudy,Clearing in the afternoon.,partly-cloudy-day,"71909099999,71321099999,CYFB,CXFB"
iqaluit,9/17/2022,10.9,2,6.3,10.9,-1.4,3.7,2.1,75.4,0,0,0,,0,0,52.7,39.5,330.1,1011.1,88.4,37,95.8,8.2,3,10,2022-09-17T06:03:16,2022-09-17T18:52:12,0.74,Partially cloudy,Partly cloudy throughout the day.,partly-cloudy-day,"71909099999,71321099999,CYFB,CXFB"
iqaluit,9/18/2022,8.4,3.9,6,5.9,-2,2,1.1,71.3,0,0,0,,0,0,50,37.9,327.8,1013.2,63.7,38,142.3,12.3,5,10,2022-09-18T06:06:04,2022-09-18T18:48:41,0.78,Partially cloudy,Partly cloudy throughout the day.,partly-cloudy-day,"71909099999,71321099999,CYFB,CXFB"
iqaluit,9/19/2022,8.9,2.9,6.5,7,2.7,4.8,2.6,76.7,0,0,0,rain,0,0,41.8,25.1,310.2,1010.4,88.8,37.7,118.9,10.3,4,10,2022-09-19T06:08:53,2022-09-19T18:45:11,0.83,Partially cloudy,Partly cloudy throughout the day.,partly-cloudy-day,"71909099999,71321099999,CYFB,CXFB"
iqaluit,9/20/2022,6.9,3.4,4.4,4.9,0.7,3.1,2.5,87.5,1.6,100,12.5,rain,0,0,25.2,18.4,320.6,1009.5,100,35.5,46.5,4.1,2,10,2022-09-20T06:11:42,2022-09-20T18:41:40,0.87,"Rain, Overcast",Cloudy skies throughout the day with afternoon rain.,rain,"71909099999,71321099999,CYFB,CXFB"
iqaluit,9/21/2022,4.9,3,4.1,4.9,-2.1,2.9,2.4,89,0,0,0,rain,0,0,37.7,26.7,44.1,1001.1,100,29.9,38.2,3.1,2,10,2022-09-21T06:14:30,2022-09-21T18:38:10,0.91,Overcast,Cloudy skies throughout the day.,cloudy,"71909099999,71321099999,CYFB,CXFB"
iqaluit,9/22/2022,3,-2,1,-0.5,-7.7,-3.9,-6.3,59.1,0,0,0,,0,0,37.4,25.9,12,1002.9,66,37.3,102.3,8.6,3,10,2022-09-22T06:17:19,2022-09-22T18:34:39,0.95,Partially cloudy,Partly cloudy throughout the day.,partly-cloudy-day,"71909099999,71321099999,CYFB,CXFB"
iqaluit,9/23/2022,4.9,-2.1,0.9,1.2,-7.4,-3.9,-5.2,64.8,0,0,0,,0,0,35.3,26.1,333.9,1001.5,43.3,38,131.1,11.2,4,10,2022-09-23T06:20:08,2022-09-23T18:31:09,0.97,Partially cloudy,Becoming cloudy in the afternoon.,partly-cloudy-day,"71909099999,71321099999,CYFB,CXFB"
iqaluit,9/24/2022,3.9,-4,0.5,-0.6,-8.2,-3.6,-3,77.8,0,0,0,,0,0,48.2,29.5,141.3,1012.5,16.7,38,126,10.9,4,10,2022-09-24T06:22:57,2022-09-24T18:27:39,0.99,Clear,Clear conditions throughout the day.,clear-day,"71909099999,71321099999,CYFB,CXFB"
iqaluit,9/25/2022,3.5,-1.1,1.4,3.5,-5.1,-2.2,-1.1,83.8,0,0,0,,0,0,42.5,25.7,143.2,1008.8,52.6,32.7,92.6,7.9,3,10,2022-09-25T06:25:46,2022-09-25T18:24:09,1,Partially cloudy,Partly cloudy throughout the day.,partly-cloudy-day,"71909099999,71321099999,CYFB,CXFB"
iqaluit,9/26/2022,10,-1.1,4.2,10,-7,0,-2.2,65.9,0,0,0,,0,0,39.8,32.1,320.7,1000.4,44.1,37.7,117.1,10.2,4,10,2022-09-26T06:28:35,2022-09-26T18:20:40,0,Partially cloudy,Partly cloudy throughout the day.,partly-cloudy-day,"71909099999,71321099999,CYFB,CXFB"
iqaluit,9/27/2022,4.9,0.9,2.6,1.5,-5.6,-2.6,-2.1,71.6,0,0,0,,0,0,42.7,33.5,325.7,1011,87.8,36,113.5,9.8,4,10,2022-09-27T06:31:25,2022-09-27T18:17:10,0.01,Partially cloudy,Partly cloudy throughout the day.,partly-cloudy-day,"71909099999,71321099999,CYFB,CXFB"
iqaluit,9/28/2022,3.4,-2,0.6,-1.7,-6.6,-4.8,-4.2,70.4,0,0,0,,0,0,38.9,31.1,326.4,1014,71.5,36.3,102.3,8.8,4,10,2022-09-28T06:34:14,2022-09-28T18:13:41,0.04,Partially cloudy,Partly cloudy throughout the day.,partly-cloudy-day,"71909099999,71321099999,CYFB,CXFB"
iqaluit,9/29/2022,1,-1.1,-0.3,-1.1,-7.2,-4.9,-2.8,83.2,0.4,100,8.33,snow,0,0,44.6,31.3,138.9,1003.2,98,21.4,55.3,4.9,2,10,2022-09-29T06:37:04,2022-09-29T18:10:11,0.07,"Snow, Overcast",Cloudy skies throughout the day with afternoon snow.,rain,"71909099999,71321099999,CYFB,CXFB"
iqaluit,9/30/2022,2.1,-0.1,1.1,0.4,-4.9,-2.7,-0.9,87,2,100,33.33,"rain,snow",0,0,44.5,32.4,65.1,995.1,98.5,14.3,62,5.4,3,10,2022-09-30T06:39:54,2022-09-30T18:06:42,0.12,"Snow, Rain, Overcast",Cloudy skies throughout the day with a chance of rain or snow throughout the day.,rain,"71909099999,71321099999,CYFB,CXFB"
iqaluit,10/1/2022,1,-3,-0.6,-3.9,-10.2,-6.6,-4.2,77.2,0,0,0,,0,0,54.8,42.5,332.6,1009.7,67.9,35,91.3,7.9,3,10,2022-10-01T06:42:45,2022-10-01T18:03:13,0.17,Partially cloudy,Partly cloudy throughout the day.,partly-cloudy-day,"71909099999,71321099999,CYFB,CXFB"
iqaluit,10/2/2022,1.1,-3.1,-1.2,-1,-10.4,-5.8,-4.9,76.2,0,0,0,,0,0,58.1,45.1,324.8,1011.6,71.9,35,87,7.6,4,10,2022-10-02T06:45:36,2022-10-02T17:59:45,0.22,Partially cloudy,Partly cloudy throughout the day.,partly-cloudy-day,"71909099999,71321099999,CYFB,CXFB"
iqaluit,10/3/2022,3.9,-2,0.7,-0.5,-6.4,-4.8,-1.5,85.1,1.1,100,8.33,"rain,freezingrain,snow",0,0,50.6,41.3,130.8,992.9,87.7,29.7,26.4,2.3,2,10,2022-10-03T06:48:27,2022-10-03T17:56:16,0.28,"Snow, Rain, Freezing Drizzle/Freezing Rain, Partially cloudy",Partly cloudy throughout the day with afternoon rain or snow.,rain,"71909099999,71321099999,CYFB,CXFB"
iqaluit,10/4/2022,4,0.9,2.1,3.4,-1.9,1.3,0.9,92,1.9,100,33.33,"rain,snow",0,0,32.4,19.3,149.3,983.3,98.5,32.5,18.3,1.5,1,10,2022-10-04T06:51:19,2022-10-04T17:52:48,0.34,"Snow, Rain, Overcast",Cloudy skies throughout the day with a chance of rain or snow throughout the day.,rain,"71909099999,71321099999,CYFB,CXFB"
iqaluit,10/5/2022,1.9,0,0.9,1,-3.9,-1.8,-0.7,89.6,2.1,100,37.5,"rain,snow",0,0,33.1,18.4,117,999.1,98,16,57,5.1,2,10,2022-10-05T06:54:11,2022-10-05T17:49:21,0.39,"Snow, Rain, Overcast",Cloudy skies throughout the day with a chance of rain or snow throughout the day.,rain,"71909099999,71321099999,CYFB,CXFB"
iqaluit,10/6/2022,0,-6.9,-3,-4.6,-13.3,-9,-5.4,83.4,0.3,100,8.33,snow,0,0,42.5,31.3,332.3,1007.5,81.6,27.9,55.6,4.8,2,10,2022-10-06T06:57:04,2022-10-06T17:45:53,0.43,"Snow, Partially cloudy",Partly cloudy throughout the day with early morning snow.,rain,"71909099999,71321099999,CYFB,CXFB"
iqaluit,10/7/2022,-1.9,-6.1,-3.6,-1.9,-11.7,-8.2,-7.6,74,0,0,0,,0,0,38.9,28.5,4.2,1012.9,85.3,36.7,68.7,6,2,10,2022-10-07T06:59:57,2022-10-07T17:42:26,0.47,Partially cloudy,Partly cloudy throughout the day.,partly-cloudy-day,"71909099999,71321099999,CYFB,CXFB"
iqaluit,10/8/2022,0.9,-2.9,-0.7,0,-8.3,-5,-3.7,80.5,0,0,0,,0,0,31.7,23.3,124.9,1012.7,89.3,36,68.6,6,3,10,2022-10-08T07:02:50,2022-10-08T17:38:59,0.49,Partially cloudy,Partly cloudy throughout the day.,partly-cloudy-day,"71909099999,71321099999,CYFB,CXFB"
iqaluit,10/9/2022,0.5,-4.6,-2,-2.9,-11.9,-7.2,-6.2,73.3,0,0,0,,0,0,40.7,27.9,16.2,1000.9,74,36.3,83.3,7.2,3,10,2022-10-09T07:05:44,2022-10-09T17:35:33,0.5,Partially cloudy,Partly cloudy throughout the day.,partly-cloudy-day,"71909099999,71321099999,CYFB,CXFB"
iqaluit,10/10/2022,-1.1,-5.1,-3.3,-6.8,-11.9,-9.7,-6.1,81.4,0,0,0,,0,0,38.9,30.6,327.8,996.7,82.7,35.3,65.5,5.6,2,10,2022-10-10T07:08:39,2022-10-10T17:32:06,0.5,Partially cloudy,Partly cloudy throughout the day.,partly-cloudy-day,"71909099999,71321099999,CYFB,CXFB"
iqaluit,10/11/2022,-3,-7,-4.6,-7.2,-14.7,-10.2,-8.5,75.1,0,0,0,,0,0,33.5,24.8,342.1,1006.2,76.4,32,80.7,7,3,10,2022-10-11T07:11:34,2022-10-11T17:28:41,0.52,Partially cloudy,Partly cloudy throughout the day.,partly-cloudy-day,"71909099999,71321099999,CYFB,CXFB"
iqaluit,10/12/2022,-1.1,-7.1,-3.7,-4,-10,-7.6,-6.5,81.4,0,0,0,,0,0,18.7,20.1,326.9,1015.3,84.3,36,73.5,6.4,3,10,2022-10-12T07:14:29,2022-10-12T17:25:15,0.54,Partially cloudy,Partly cloudy throughout the day.,partly-cloudy-day,"71909099999,71321099999,CYFB,CXFB"
iqaluit,10/13/2022,-2.9,-9.4,-5.2,-4.6,-14.1,-9.7,-8.2,79.2,0,0,0,,0,0,32.4,24.1,99.7,1022.7,46.9,35,75.5,6.5,3,10,2022-10-13T07:17:26,2022-10-13T17:21:50,0.57,Partially cloudy,Partly cloudy throughout the day.,partly-cloudy-day,"71909099999,71321099999,CYFB,CXFB"
iqaluit,10/14/2022,0.4,-4.1,-1.9,-3.7,-9.6,-6.5,-3.9,86.6,0,0,0,,0,0,31.3,24.1,124.3,1025.5,87.2,34.4,72.7,6.4,3,10,2022-10-14T07:20:22,2022-10-14T17:18:26,0.61,Partially cloudy,Partly cloudy throughout the day.,partly-cloudy-day,"71909099999,71321099999,CYFB,CXFB"
iqaluit,10/15/2022,1.9,-1.9,0.7,-1.1,-7.1,-4.6,0.1,95.5,3.4,100,16.67,rain,0,0,53.6,40.7,140.4,1018.6,100,14.2,6.7,0.6,0,10,2022-10-15T07:23:20,2022-10-15T17:15:02,0.65,"Rain, Overcast",Cloudy skies throughout the day with rain in the morning and afternoon.,rain,"71909099999,71321099999,CYFB,CXFB"
iqaluit,10/16/2022,5,0.9,1.8,1,-4,-1.9,1.4,97.3,9.1,100,29.17,rain,0,0,70.2,33.5,146.6,1005.6,97,9,6.3,0.6,0,10,2022-10-16T07:26:18,2022-10-16T17:11:39,0.7,"Rain, Overcast",Cloudy skies throughout the day with a chance of rain throughout the day.,rain,"71909099999,71321099999,CYFB,CXFB"
iqaluit,10/17/2022,4.4,-2,1.2,0.1,-8.1,-4,-2.5,76.3,0.1,100,4.17,"rain,snow",0,0,53,37.5,253.4,1011.6,87.2,33,54.6,4.9,3,10,2022-10-17T07:29:17,2022-10-17T17:08:16,0.74,"Snow, Rain, Partially cloudy",Partly cloudy throughout the day with late afternoon rain or snow.,rain,"71909099999,71321099999,CYFB,CXFB"
iqaluit,10/18/2022,-2.1,-5,-3.7,-8,-11.5,-9.8,-7.9,72.9,0,0,0,,0,0,40.7,28.5,329,1027.9,86.9,31.8,58.9,5.1,3,10,2022-10-18T07:32:16,2022-10-18T17:04:53,0.79,Partially cloudy,Partly cloudy throughout the day.,partly-cloudy-day,"71909099999,71321099999,CYFB,CXFB"
iqaluit,10/19/2022,-2.9,-7.1,-4.8,-6.2,-13.1,-9.9,-9.2,71.6,0,0,0,,0,0,51.8,41.3,121.2,1030.6,57.4,35,61,5.3,3,10,2022-10-19T07:35:16,2022-10-19T17:01:32,0.84,Partially cloudy,Clearing in the afternoon.,partly-cloudy-day,"71909099999,71321099999,CYFB,CXFB"
iqaluit,10/20/2022,3,-3,0.3,-2.8,-10.9,-5.6,-2.2,83.5,4.7,100,25,"rain,snow",0,0,53.3,36.3,108.1,1004,100,21.6,11,1,1,10,2022-10-20T07:38:17,2022-10-20T16:58:11,0.88,"Snow, Rain, Overcast",Cloudy skies throughout the day with rain or snow.,rain,"71909099999,71321099999,CYFB,CXFB"
iqaluit,10/21/2022,2.9,1.1,2,-2.8,-5.8,-3.8,0.2,88,5.4,100,12.5,"rain,snow",0,0,54.7,40.5,133.8,985.5,89.9,30.9,39.3,3.5,2,10,2022-10-21T07:41:18,2022-10-21T16:54:50,0.92,"Snow, Rain, Partially cloudy",Partly cloudy throughout the day with early morning snow or rain.,rain,"71909099999,71321099999,CYFB,CXFB"
iqaluit,10/22/2022,2.1,0,1,0.5,-6,-3.7,-0.3,91.1,2,100,29.17,"rain,snow",0,0,50,38.9,144.2,983.3,95,22.8,19,1.7,1,10,2022-10-22T07:44:20,2022-10-22T16:51:30,0.96,"Snow, Rain, Overcast",Cloudy skies throughout the day with a chance of rain or snow throughout the day.,rain,"71909099999,71321099999,CYFB,CXFB"
iqaluit,10/23/2022,0.1,-1.1,-0.3,-2.5,-7.2,-5.5,-2.5,85.3,0.5,100,8.33,"rain,snow",0,0,49.3,34.9,313.5,1001,93,31.4,30.8,2.7,1,10,2022-10-23T07:47:23,2022-10-23T16:48:11,0.98,"Snow, Rain, Overcast",Cloudy skies throughout the day with late afternoon rain or snow.,rain,"71909099999,71321099999,CYFB,CXFB"
iqaluit,10/24/2022,-1.1,-6.1,-4.9,-8,-15,-12.4,-8.9,73.5,0,0,0,,0,0,56.2,40.7,311.3,1020.9,92.9,27.6,51.1,4.4,2,10,2022-10-24T07:50:26,2022-10-24T16:44:53,1,Overcast,Cloudy skies throughout the day.,cloudy,"71909099999,71321099999,CYFB,CXFB"
iqaluit,10/25/2022,-1.1,-9,-5.8,-6.3,-14.9,-12.3,-9.2,77.4,1,100,12.5,snow,0,0,54.8,42.5,98.7,1012.2,90.3,22.1,17.7,1.6,1,10,2022-10-25T07:53:30,2022-10-25T16:41:35,0,"Snow, Overcast",Cloudy skies throughout the day with snow.,snow,"71909099999,71321099999,CYFB,CXFB"
iqaluit,10/26/2022,2.9,-0.1,1.3,-1.1,-7.9,-4.5,-0.6,87.2,0.7,100,4.17,"rain,freezingrain,snow",0,0,61.2,45.4,145.2,991.6,98,29.1,6.6,0.6,0,10,2022-10-26T07:56:35,2022-10-26T16:38:19,0.01,"Snow, Rain, Freezing Drizzle/Freezing Rain, Overcast",Cloudy skies throughout the day with early morning snow or rain.,rain,"71909099999,71321099999,CYFB,CXFB"
iqaluit,10/27/2022,1.9,-6,-3.4,1.1,-15,-10.4,-6.3,80.6,1.9,100,12.5,snow,0,0,60.3,48.2,336.9,999.9,97.5,27.6,29.1,2.4,1,10,2022-10-27T07:59:40,2022-10-27T16:35:03,0.03,"Snow, Overcast",Cloudy skies throughout the day with late afternoon snow.,rain,"71909099999,71321099999,CYFB,CXFB"
iqaluit,10/28/2022,-4.9,-8.1,-6,-14,-20.8,-17.1,-7.2,91.1,0,0,0,snow,0,0,83.3,77.3,337.2,987.5,100,1.3,13.3,1.1,1,10,2022-10-28T08:02:46,2022-10-28T16:31:48,0.06,Overcast,Cloudy skies throughout the day.,wind,"71909099999,71321099999,CYFB,CXFB"
iqaluit,10/29/2022,-3,-11,-7.5,-8,-17.1,-13.1,-10,82.2,26.3,100,45.83,snow,0,0,47.3,34,340.9,993.1,80,33,33.2,2.8,2,10,2022-10-29T08:05:53,2022-10-29T16:28:34,0.1,"Snow, Partially cloudy",Partly cloudy throughout the day with snow.,snow,"71909099999,71321099999,CYFB,CXFB"
iqaluit,10/30/2022,-0.9,-2.9,-1.6,-4.5,-9.8,-6.4,-3.1,89.6,4.1,100,66.67,snow,0,0,39.8,26.1,131.7,993.8,97,20.8,25.6,2.2,1,10,2022-10-30T08:09:00,2022-10-30T16:25:21,0.15,"Snow, Overcast",Cloudy skies throughout the day with a chance of snow throughout the day.,snow,"71909099999,71321099999,CYFB,CXFB"
iqaluit,10/31/2022,-1,-8.1,-6.6,-4,-18.2,-13.1,-9.6,79.2,5.2,100,41.67,snow,0,0,61.2,50.7,333.3,1004.5,93.5,30.1,37,3.1,2,10,2022-10-31T08:12:08,2022-10-31T16:22:09,0.21,"Snow, Overcast",Cloudy skies throughout the day with snow.,snow,"71909099999,71321099999,CYFB,CXFB"
iqaluit,11/1/2022,-0.9,-8.3,-4.4,-8.5,-16.5,-12.5,-7.7,77.4,2.5,100,25,snow,0,0,64.2,48.6,121.3,1001.4,94.5,27.5,26,2.2,1,10,2022-11-01T08:15:16,2022-11-01T16:18:58,0.26,"Snow, Overcast",Cloudy skies throughout the day with snow clearing later.,snow,"71909099999,71321099999,CYFB,CXFB"
iqaluit,11/2/2022,0.4,-7.1,-1.4,0.1,-18,-6.5,-2.6,92,7.9,100,37.5,"rain,snow",0,0,70.2,53.4,20.3,994.4,100,3.8,17.6,1.5,1,10,2022-11-02T08:18:25,2022-11-02T16:15:48,0.32,"Snow, Rain, Overcast",Cloudy skies throughout the day with a chance of rain or snow throughout the day.,rain,"71909099999,71321099999,CYFB,CXFB"
iqaluit,11/3/2022,-8,-14.9,-11.1,-18.8,-22,-20.6,-15.3,71.1,2.3,100,12.5,snow,0,0,63.6,48.2,312.9,1008.4,80.8,29.1,33.3,2.8,2,10,2022-11-03T08:21:34,2022-11-03T16:12:39,0.37,"Snow, Partially cloudy",Partly cloudy throughout the day with snow.,snow,"71909099999,71321099999,CYFB,CXFB"
iqaluit,11/4/2022,-6,-12,-8.7,-10.6,-21.3,-14.3,-13.9,66.5,9.7,100,33.33,snow,0,0,35.3,25.1,209.2,1005.7,90.8,31.7,27,2.3,1,10,2022-11-04T08:24:44,2022-11-04T16:09:32,0.42,"Snow, Overcast",Cloudy skies throughout the day with snow.,snow,"71909099999,71321099999,CYFB,CXFB"
iqaluit,11/5/2022,-8,-9.9,-8.7,-8.1,-17.2,-12.1,-12.5,73.7,14.5,100,70.83,snow,0,0,27.7,19.5,338.4,1011.5,99,33,28.8,2.5,2,10,2022-11-05T08:27:54,2022-11-05T16:06:26,0.45,"Snow, Overcast",Cloudy skies throughout the day with a chance of snow throughout the day.,snow,"71909099999,71321099999,CYFB,CXFB"
iqaluit,11/6/2022,-7,-12.1,-9,-8,-20.8,-14,-13.9,68.3,25,100,79.17,snow,0,0,36.2,27.9,49.9,1021.2,72.1,32.3,26.1,2.3,2,10,2022-11-06T07:31:04,2022-11-06T15:03:21,0.48,"Snow, Partially cloudy",Partly cloudy throughout the day with a chance of snow throughout the day.,snow,"71909099999,71321099999,CYFB,CXFB"
iqaluit,11/7/2022,-5.1,-11.1,-8.2,-8.9,-20.2,-15.7,-13.8,63.9,9.2,100,33.33,snow,0,0,45.7,32.7,70.8,1015.6,77.4,33.3,17,1.5,1,10,2022-11-07T07:34:15,2022-11-07T15:00:18,0.49,"Snow, Partially cloudy",Partly cloudy throughout the day with snow.,snow,"71909099999,71321099999,CYFB,CXFB"
iqaluit,11/8/2022,-7.9,-10.9,-9.1,-7.9,-18.2,-12.7,-12.7,76,30.2,100,75,snow,0,0,31.3,22.5,41.5,1017.6,93,27.5,14.9,1.2,1,10,2022-11-08T07:37:26,2022-11-08T14:57:16,0.5,"Snow, Overcast",Cloudy skies throughout the day with a chance of snow throughout the day.,snow,"71909099999,71321099999,CYFB,CXFB"
iqaluit,11/9/2022,-7.6,-12,-10.6,-13,-22.4,-18.6,-13.5,79.2,18.7,100,37.5,snow,0,0,54.8,42.5,331.1,1013.5,98,20.7,16.4,1.4,1,10,2022-11-09T07:40:37,2022-11-09T14:54:16,0.51,"Snow, Overcast",Cloudy skies throughout the day with snow.,snow,"71909099999,71321099999,CYFB,CXFB"
iqaluit,11/10/2022,-11.9,-22,-16.5,-20.2,-33,-26.4,-20.4,71.7,4.8,100,16.67,snow,0,0,42.5,36.1,325.9,1012,64.8,31.3,22.1,1.9,1,10,2022-11-10T07:43:48,2022-11-10T14:51:18,0.53,"Snow, Partially cloudy",Partly cloudy throughout the day with snow.,snow,"71909099999,71321099999,CYFB,CXFB"
iqaluit,11/11/2022,-13.9,-21.9,-15.9,-14.1,-32.4,-20.4,-18.8,78.1,9.8,100,58.33,snow,0,0,37.4,18.4,336.4,1015.2,90.9,26.5,16.4,1.4,1,10,2022-11-11T07:46:59,2022-11-11T14:48:21,0.54,"Snow, Overcast",Cloudy skies throughout the day with a chance of snow throughout the day.,snow,"71909099999,71321099999,CYFB,CXFB"
iqaluit,11/12/2022,-11,-14.1,-12.7,-13.9,-20.2,-17.8,-15.8,78,17.5,100,62.5,snow,0,0,36,17.4,1.1,1014.4,94.5,17.6,12.4,1.1,1,10,2022-11-12T07:50:10,2022-11-12T14:45:26,0.58,"Snow, Overcast",Cloudy skies throughout the day with a chance of snow throughout the day.,snow,"71909099999,71321099999,CYFB,CXFB"
iqaluit,11/13/2022,-3.1,-11.1,-7,-4.1,-15.4,-10.9,-9.4,83.5,34.2,100,75,snow,0,0,19.1,17.4,90.5,1012.3,96.5,20.7,14.5,1.2,1,10,2022-11-13T07:53:21,2022-11-13T14:42:33,0.62,"Snow, Overcast",Cloudy skies throughout the day with a chance of snow throughout the day.,snow,"71909099999,71321099999,CYFB,CXFB"
iqaluit,11/14/2022,-7.5,-12.9,-9.8,-7.5,-23.2,-15.8,-12.1,83,36.1,100,50,snow,0,0,48.2,38.7,325.7,1012.6,94.5,24.4,15.5,1.3,1,10,2022-11-14T07:56:31,2022-11-14T14:39:42,0.66,"Snow, Overcast",Cloudy skies throughout the day with a chance of snow throughout the day.,snow,"71909099999,71321099999,CYFB,CXFB"
iqaluit,11/15/2022,-12.1,-18,-14.8,-17.8,-27.7,-23.3,-18,76.2,0,0,0,,0,0,44.6,32.5,332,1017.6,78.1,30.3,16.5,1.3,1,10,2022-11-15T07:59:41,2022-11-15T14:36:53,0.7,Partially cloudy,Partly cloudy throughout the day.,partly-cloudy-day,"71909099999,71321099999,CYFB,CXFB"
iqaluit,11/16/2022,-12.1,-18,-14.9,-17.9,-26.9,-22.4,-17.9,77.6,0,0,0,,0,0,39.8,29.8,334,1017,87.2,28,14.6,1.2,1,10,2022-11-16T08:02:51,2022-11-16T14:34:07,0.75,Partially cloudy,Partly cloudy throughout the day.,partly-cloudy-day,"71909099999,71321099999,CYFB,CXFB"
iqaluit,11/17/2022,-11.3,-14.9,-12.5,-11.3,-24.5,-18.8,-15.6,77.6,0,0,0,,0,1.7,35.3,24.1,19.9,1008.5,99,25.6,14.8,1.2,1,10,2022-11-17T08:06:00,2022-11-17T14:31:23,0.8,Overcast,Cloudy skies throughout the day.,cloudy,"71909099999,71321099999,CYFB,CXFB"
iqaluit,11/18/2022,-6,-13.3,-9.2,-9.9,-20.2,-15.4,-11.9,80.8,8.8,100,25,snow,0,8,33.5,25.9,101.2,1000.2,98.5,16.8,9.5,0.8,1,10,2022-11-18T08:09:08,2022-11-18T14:28:41,0.85,"Snow, Overcast",Cloudy skies throughout the day with snow.,snow,"71909099999,71321099999,CYFB,CXFB"
iqaluit,11/19/2022,-8.1,-22,-17.6,-12.4,-33.3,-27,-21.3,72.9,4,100,16.67,snow,0.1,8.1,38.9,35.3,326.5,1005.9,58.6,30.7,9.5,0.8,1,10,2022-11-19T08:12:15,2022-11-19T14:26:02,0.89,"Snow, Partially cloudy",Partly cloudy throughout the day with early morning snow.,snow,"71909099999,71321099999,CYFB,CXFB"
iqaluit,11/20/2022,-12.9,-20.6,-15.7,-13.1,-27.6,-19,-20.8,65.4,3.2,100,33.33,snow,0,8.1,10.8,10.2,342.8,1007.8,67.2,31.7,12.4,1,1,10,2022-11-20T08:15:21,2022-11-20T14:23:25,0.93,"Snow, Partially cloudy",Partly cloudy throughout the day with snow.,snow,"71909099999,71321099999,CYFB,CXFB"
iqaluit,11/21/2022,-8.1,-12,-10.4,-9.1,-16.3,-12.2,-12.6,83.8,46.7,100,83.33,snow,0,8.2,5.4,10.2,76.8,1004.7,74.7,30.5,8.8,0.8,1,10,2022-11-21T08:18:26,2022-11-21T14:20:52,0.97,"Snow, Partially cloudy",Partly cloudy throughout the day with a chance of snow throughout the day.,snow,"71909099999,71321099999,CYFB,CXFB"
iqaluit,11/22/2022,-11.1,-18.4,-14.1,-11.1,-24.9,-18.4,-16.6,81.6,68.6,100,70.83,snow,0,8.3,8.3,13,10.8,1007.1,39.7,30,9.8,0.8,1,10,2022-11-22T08:21:30,2022-11-22T14:18:21,0.99,"Snow, Partially cloudy",Partly cloudy throughout the day with a chance of snow throughout the day.,snow,"71909099999,71321099999,CYFB,CXFB"
iqaluit,11/23/2022,-15,-22.1,-19,-19.9,-32.7,-27.7,-21.6,80.1,0,0,0,,0,8.3,31.3,24.1,324.5,1017.9,28.2,26.1,10.8,0.9,1,10,2022-11-23T08:24:32,2022-11-23T14:15:54,1,Partially cloudy,Clearing in the afternoon.,partly-cloudy-day,"71909099999,71321099999,CYFB,CXFB"
iqaluit,11/24/2022,-15.1,-22,-18.9,-15.5,-32.2,-26.4,-22.9,71.1,0,0,0,,0,8.4,24.5,18.4,339.6,1021.2,41.9,31.7,9,0.9,1,10,2022-11-24T08:27:32,2022-11-24T14:13:30,0,Partially cloudy,Partly cloudy throughout the day.,partly-cloudy-day,"71909099999,71321099999,CYFB,CXFB"
iqaluit,11/25/2022,-16.5,-20,-18.7,-17.9,-27.3,-23.1,-22.7,70.7,0,0,0,,0,8.4,10.8,12,0.4,1012.7,22.9,32,8.5,0.8,1,10,2022-11-25T08:30:30,2022-11-25T14:11:09,0.02,Partially cloudy,Partly cloudy throughout the day.,partly-cloudy-day,"71909099999,71321099999,CYFB,CXFB"
iqaluit,11/26/2022,-10,-19.5,-13.7,-12,-23.4,-18.6,-18.9,64.8,0.1,100,4.17,snow,0,8.4,29.5,22.3,65.6,1005.6,80.4,32,5.9,0.5,0,10,2022-11-26T08:33:26,2022-11-26T14:08:52,0.04,"Snow, Partially cloudy",Partly cloudy throughout the day with late afternoon snow.,snow,"CYFB,CXFB"
iqaluit,11/27/2022,-11,-18,-13.1,-14,-32.2,-22.7,-17.7,68.6,2.6,100,41.67,snow,1.4,8.9,58.5,45.4,19.4,1002.6,89.6,22.3,5.4,0.4,0,10,2022-11-27T08:36:20,2022-11-27T14:06:39,0.08,"Snow, Partially cloudy",Partly cloudy throughout the day with snow.,snow,"CYFB,CXFB"
iqaluit,11/28/2022,-19,-25.5,-21.7,-33.5,-40.2,-36.9,-25.1,74.1,0.6,100,25,snow,0.2,10,83.3,64.8,326.2,1004.9,97.4,13.5,5.5,0.4,0,10,2022-11-28T08:39:11,2022-11-28T14:04:30,0.13,"Snow, Overcast",Cloudy skies throughout the day with snow clearing later.,snow,"CYFB,CXFB"
